[{"model": "auth.group", "pk": 1, "fields": {"name": "Admin", "permissions": []}}, {"model": "auth.group", "pk": 2, "fields": {"name": "Manager", "permissions": []}}, {"model": "auth.group", "pk": 3, "fields": {"name": "StudentsView", "permissions": []}}, {"model": "auth.group", "pk": 4, "fields": {"name": "StudentsAdd", "permissions": []}}, {"model": "auth.group", "pk": 5, "fields": {"name": "StudentsEdit", "permissions": []}}, {"model": "auth.group", "pk": 6, "fields": {"name": "StudentsDelete", "permissions": []}}, {"model": "auth.group", "pk": 7, "fields": {"name": "StudentAdmin", "permissions": []}}, {"model": "auth.group", "pk": 8, "fields": {"name": "AccountingAdmin", "permissions": []}}, {"model": "auth.user", "pk": 1, "fields": {"password": "pbkdf2_sha256$1200000$6SYoaE5nK2QMcfMiY4XtiP$XSGTHNWfj+Y76S1pzjlHgW9Ar3DQzHnEShxBDQCxQS0=", "last_login": "2026-02-18T17:43:06.668Z", "is_superuser": true, "username": "murad", "first_name": "Murad aa", "last_name": "Shikder", "email": "n.s.murad123@gmail.com", "is_staff": true, "is_active": true, "date_joined": "2025-12-13T16:31:13Z", "groups": [1, 2, 3], "user_permissions": []}}, {"model": "auth.user", "pk": 2, "fields": {"password": "pbkdf2_sha256$1200000$dE1UVmYIU9IKbgpZDH6MxO$/Xetrj9TK6nHk28UlqhGl6sh5aUHVe+ceno+PzUPXSU=", "last_login": null, "is_superuser": false, "username": "noor", "first_name": "Miftahul Jannat", "last_name": "Noor", "email": "noor@gmail.com", "is_staff": true, "is_active": true, "date_joined": "2026-01-09T10:28:52Z", "groups": [3, 7], "user_permissions": []}}, {"model": "auth.user", "pk": 3, "fields": {"password": "pbkdf2_sha256$1200000$i5oPrIuFbB4qTQLigVTJUr$gpm1OXCcylQswD0/eUSla/4lCJEUyxvBZn33h70mVdI=", "last_login": null, "is_superuser": false, "username": "tamanna", "first_name": "", "last_name": "", "email": "info@bnmc.gov.bd", "is_staff": false, "is_active": true, "date_joined": "2026-01-09T10:32:22.928Z", "groups": [], "user_permissions": []}}, {"model": "auth.user", "pk": 4, "fields": {"password": "pbkdf2_sha256$1200000$W3pmhIvb2m2wwLCFz5A9kA$zDrXmaNyddpqLpCW2cMABKktZYgop6xjG8IBmwQ9tfw=", "last_login": null, "is_superuser": false, "username": "moni", "first_name": "Noor", "last_name": "Moni", "email": "moni@gmail.com", "is_staff": false, "is_active": true, "date_joined": "2026-01-09T10:51:50.221Z", "groups": [], "user_permissions": []}}, {"model": "auth.user", "pk": 5, "fields": {"password": "pbkdf2_sha256$1200000$dtdJLCGCbJaLxFwoapkIoB$xRBRvuKgKVTp75gEWTvvoApp1xqZDSWXj8zYzyk7itQ=", "last_login": null, "is_superuser": false, "username": "anas", "first_name": "Anas", "last_name": "Alif", "email": "anas@gmail.com", "is_staff": false, "is_active": true, "date_joined": "2026-01-09T11:22:49Z", "groups": [3, 5], "user_permissions": []}}, {"model": "auth.user", "pk": 6, "fields": {"password": "pbkdf2_sha256$1200000$RcCys7k80v5zT2sqDSvfMs$2arhNmyf0oQhxXHEGRf8V9KXcqI7dstSf8W/1KD+Q0A=", "last_login": null, "is_superuser": false, "username": "jui", "first_name": "Afrin", "last_name": "Jui", "email": "apon@gmail.com", "is_staff": false, "is_active": true, "date_joined": "2026-01-09T11:27:22Z", "groups": [1], "user_permissions": []}}, {"model": "auth.user", "pk": 7, "fields": {"password": "pbkdf2_sha256$1200000$Ub8hDtwkiY22gwAbwOS5Fy$ESuSnvm0BflVi+Bqtp7K8gw4xrX5AN74OPsMcTm5SQ0=", "last_login": null, "is_superuser": false, "username": "test", "first_name": "Test", "last_name": "User", "email": "test@gmail.com", "is_staff": false, "is_active": true, "date_joined": "2026-01-26T18:23:33.791Z", "groups": [], "user_permissions": []}}, {"model": "auth.user", "pk": 8, "fields": {"password": "pbkdf2_sha256$1200000$5450IarvIBRqxjOhec4kMB$SURQDrXfEzm+20aqCKT1/RkvjDAuEpu8s45ax10Ix1M=", "last_login": null, "is_superuser": false, "username": "new", "first_name": "New", "last_name": "user", "email": "new@abcd.com", "is_staff": false, "is_active": true, "date_joined": "2026-02-05T10:38:37.770Z", "groups": [], "user_permissions": []}}, {"model": "auth.user", "pk": 9, "fields": {"password": "pbkdf2_sha256$1200000$tlgiINlp1nq3UxAg9wXcH4$qT74VsC3UHY/uxNvNrUHmNGK+u8HPfLjWRNkt/9dY98=", "last_login": null, "is_superuser": false, "username": "Test2", "first_name": "test2", "last_name": "user", "email": "test2@gmail.com", "is_staff": false, "is_active": true, "date_joined": "2026-02-05T10:40:42.466Z", "groups": [], "user_permissions": []}}, {"model": "auth.user", "pk": 10, "fields": {"password": "pbkdf2_sha256$1200000$BIiyqh2SB2Ny8s9602rNlG$LecCFjdY1B7iHSOv4Bhp8XSfqIFAbjGfRLPuZ6nzzvI=", "last_login": null, "is_superuser": false, "username": "test3", "first_name": "Test3", "last_name": "User", "email": "test3@gmail.com", "is_staff": false, "is_active": true, "date_joined": "2026-02-05T10:41:45.146Z", "groups": [], "user_permissions": []}}, {"model": "auth.user", "pk": 11, "fields": {"password": "pbkdf2_sha256$1200000$NTzLbMJeUKzui66t2xLCUr$O4Vv9bjE/yzbpdKAWBSD+INnFgcEuKEUh7ldRtSi8P0=", "last_login": null, "is_superuser": false, "username": "test4", "first_name": "Test4", "last_name": "user", "email": "test4@gmail.com", "is_staff": false, "is_active": true, "date_joined": "2026-02-05T10:42:30.915Z", "groups": [], "user_permissions": []}}, {"model": "auth.user", "pk": 12, "fields": {"password": "pbkdf2_sha256$1200000$AQmoqrpuIvAAYCY5Sy8cwT$jTuisCxDvgWCMcPzCqWJGbfmb0g+QAFxV/DNRgyumBg=", "last_login": null, "is_superuser": false, "username": "test5", "first_name": "test5", "last_name": "user", "email": "test5@gmail.com", "is_staff": false, "is_active": true, "date_joined": "2026-02-05T10:43:11.584Z", "groups": [], "user_permissions": []}}, {"model": "auth.user", "pk": 13, "fields": {"password": "pbkdf2_sha256$1200000$qCxQrxWnWpoGQI4XAQa1G0$sObeTevsISi0reIQxblhrKHMPZv1CIAYY7HStdr/oWk=", "last_login": null, "is_superuser": false, "username": "test6", "first_name": "Test6", "last_name": "user", "email": "test6@gmail.com", "is_staff": false, "is_active": true, "date_joined": "2026-02-05T10:43:51.156Z", "groups": [], "user_permissions": []}}, {"model": "auth.historicaluser", "pk": 1, "fields": {"id": 1, "password": "pbkdf2_sha256$1200000$6SYoaE5nK2QMcfMiY4XtiP$XSGTHNWfj+Y76S1pzjlHgW9Ar3DQzHnEShxBDQCxQS0=", "last_login": "2026-02-02T17:21:50Z", "is_superuser": true, "username": "murad", "first_name": "Murad aa", "last_name": "Shikder", "email": "n.s.murad123@gmail.com", "is_staff": true, "is_active": true, "date_joined": "2025-12-13T16:31:13Z", "history_date": "2026-02-06T13:00:58.616Z", "history_change_reason": null, "history_type": "~", "history_user": 1}}, {"model": "auth.historicaluser", "pk": 2, "fields": {"id": 1, "password": "pbkdf2_sha256$1200000$6SYoaE5nK2QMcfMiY4XtiP$XSGTHNWfj+Y76S1pzjlHgW9Ar3DQzHnEShxBDQCxQS0=", "last_login": "2026-02-02T17:21:50Z", "is_superuser": true, "username": "murad", "first_name": "Murad", "last_name": "Shikder", "email": "n.s.murad123@gmail.com", "is_staff": true, "is_active": true, "date_joined": "2025-12-13T16:31:13Z", "history_date": "2026-02-06T13:03:23.136Z", "history_change_reason": null, "history_type": "~", "history_user": 1}}, {"model": "auth.historicaluser", "pk": 3, "fields": {"id": 1, "password": "pbkdf2_sha256$1200000$6SYoaE5nK2QMcfMiY4XtiP$XSGTHNWfj+Y76S1pzjlHgW9Ar3DQzHnEShxBDQCxQS0=", "last_login": "2026-02-02T17:21:50Z", "is_superuser": true, "username": "murad", "first_name": "Murad aa", "last_name": "Shikder", "email": "n.s.murad123@gmail.com", "is_staff": true, "is_active": true, "date_joined": "2025-12-13T16:31:13Z", "history_date": "2026-02-06T13:05:55.260Z", "history_change_reason": null, "history_type": "~", "history_user": 1}}, {"model": "auth.historicaluser", "pk": 4, "fields": {"id": 1, "password": "pbkdf2_sha256$1200000$6SYoaE5nK2QMcfMiY4XtiP$XSGTHNWfj+Y76S1pzjlHgW9Ar3DQzHnEShxBDQCxQS0=", "last_login": "2026-02-09T18:20:27.070Z", "is_superuser": true, "username": "murad", "first_name": "Murad aa", "last_name": "Shikder", "email": "n.s.murad123@gmail.com", "is_staff": true, "is_active": true, "date_joined": "2025-12-13T16:31:13Z", "history_date": "2026-02-09T18:20:27.082Z", "history_change_reason": null, "history_type": "~", "history_user": 1}}, {"model": "auth.historicaluser", "pk": 5, "fields": {"id": 5, "password": "pbkdf2_sha256$1200000$dtdJLCGCbJaLxFwoapkIoB$xRBRvuKgKVTp75gEWTvvoApp1xqZDSWXj8zYzyk7itQ=", "last_login": null, "is_superuser": false, "username": "anas", "first_name": "Anas", "last_name": "Alif", "email": "anas@gmail.com", "is_staff": false, "is_active": true, "date_joined": "2026-01-09T11:22:49Z", "history_date": "2026-02-15T17:19:33.447Z", "history_change_reason": null, "history_type": "~", "history_user": 1}}, {"model": "auth.historicaluser", "pk": 6, "fields": {"id": 5, "password": "pbkdf2_sha256$1200000$dtdJLCGCbJaLxFwoapkIoB$xRBRvuKgKVTp75gEWTvvoApp1xqZDSWXj8zYzyk7itQ=", "last_login": null, "is_superuser": false, "username": "anas", "first_name": "Anas", "last_name": "Alif", "email": "anas@gmail.com", "is_staff": false, "is_active": true, "date_joined": "2026-01-09T11:22:49Z", "history_date": "2026-02-16T18:31:28.149Z", "history_change_reason": null, "history_type": "~", "history_user": 5}}, {"model": "auth.historicaluser", "pk": 7, "fields": {"id": 1, "password": "pbkdf2_sha256$1200000$6SYoaE5nK2QMcfMiY4XtiP$XSGTHNWfj+Y76S1pzjlHgW9Ar3DQzHnEShxBDQCxQS0=", "last_login": "2026-02-18T17:43:06.668Z", "is_superuser": true, "username": "murad", "first_name": "Murad aa", "last_name": "Shikder", "email": "n.s.murad123@gmail.com", "is_staff": true, "is_active": true, "date_joined": "2025-12-13T16:31:13Z", "history_date": "2026-02-18T17:43:06.677Z", "history_change_reason": null, "history_type": "~", "history_user": 1}}, {"model": "auth.historicaluser", "pk": 8, "fields": {"id": 2, "password": "pbkdf2_sha256$1200000$dE1UVmYIU9IKbgpZDH6MxO$/Xetrj9TK6nHk28UlqhGl6sh5aUHVe+ceno+PzUPXSU=", "last_login": null, "is_superuser": false, "username": "noor", "first_name": "Miftahul Jannat", "last_name": "Noor", "email": "noor@gmail.com", "is_staff": true, "is_active": true, "date_joined": "2026-01-09T10:28:52Z", "history_date": "2026-02-18T18:18:43.494Z", "history_change_reason": null, "history_type": "~", "history_user": 1}}, {"model": "token_blacklist.outstandingtoken", "pk": 1, "fields": {"user": 1, "jti": "919c3fe442eb4f3d9c775f3c24854274", "token": "eyJhbGciOiJIUzI1NiIsInR5cCI6IkpXVCJ9.eyJ0b2tlbl90eXBlIjoicmVmcmVzaCIsImV4cCI6MTc3MTA4MjE2NCwiaWF0IjoxNzcwNDc3MzY0LCJqdGkiOiI5MTljM2ZlNDQyZWI0ZjNkOWM3NzVmM2MyNDg1NDI3NCIsInVzZXJfaWQiOiIxIn0.Og2EwuU8kMs1aX2qsPgyuLAA-Jc7c-dmGVJ-zSsXAsM", "created_at": "2026-02-07T15:16:04.506Z", "expires_at": "2026-02-14T15:16:04Z"}}, {"model": "token_blacklist.outstandingtoken", "pk": 2, "fields": {"user": 1, "jti": "2576ddc46e0b4c47a5a3b388402fb405", "token": "eyJhbGciOiJIUzI1NiIsInR5cCI6IkpXVCJ9.eyJ0b2tlbl90eXBlIjoicmVmcmVzaCIsImV4cCI6MTc3MTA4MjI0OCwiaWF0IjoxNzcwNDc3NDQ4LCJqdGkiOiIyNTc2ZGRjNDZlMGI0YzQ3YTVhM2IzODg0MDJmYjQwNSIsInVzZXJfaWQiOiIxIn0.ZTnGDMUHcS7bOaonQM9cg9Mo_0r5qrGmIpabRdsJg9M", "created_at": "2026-02-07T15:17:28.511Z", "expires_at": "2026-02-14T15:17:28Z"}}, {"model": "token_blacklist.outstandingtoken", "pk": 3, "fields": {"user": 1, "jti": "10c1c07131e3427eafde5fd763916cb5", "token": "eyJhbGciOiJIUzI1NiIsInR5cCI6IkpXVCJ9.eyJ0b2tlbl90eXBlIjoicmVmcmVzaCIsImV4cCI6MTc3MTA4MjQ1OCwiaWF0IjoxNzcwNDc3NjU4LCJqdGkiOiIxMGMxYzA3MTMxZTM0MjdlYWZkZTVmZDc2MzkxNmNiNSIsInVzZXJfaWQiOiIxIn0.JaEVdhY0J8qRyTB-BU-7T4LX7VUS2wHzzQxFCw7UCQo", "created_at": "2026-02-07T15:20:58.333Z", "expires_at": "2026-02-14T15:20:58Z"}}, {"model": "token_blacklist.outstandingtoken", "pk": 4, "fields": {"user": 1, "jti": "fcdfc84c955346a4920ce8d09117fb0e", "token": "eyJhbGciOiJIUzI1NiIsInR5cCI6IkpXVCJ9.eyJ0b2tlbl90eXBlIjoicmVmcmVzaCIsImV4cCI6MTc3MTA4MjQ5MywiaWF0IjoxNzcwNDc3NjkzLCJqdGkiOiJmY2RmYzg0Yzk1NTM0NmE0OTIwY2U4ZDA5MTE3ZmIwZSIsInVzZXJfaWQiOiIxIn0.xkRdGC4KvozQWmFWEioIzb_pAPE6GdPYcrwgsGoqqyQ", "created_at": "2026-02-07T15:21:33.252Z", "expires_at": "2026-02-14T15:21:33Z"}}, {"model": "token_blacklist.outstandingtoken", "pk": 5, "fields": {"user": 1, "jti": "ab2944d726c342b2a995bcbfaf95778c", "token": "eyJhbGciOiJIUzI1NiIsInR5cCI6IkpXVCJ9.eyJ0b2tlbl90eXBlIjoicmVmcmVzaCIsImV4cCI6MTc3MTA4MjU3NSwiaWF0IjoxNzcwNDc3Nzc1LCJqdGkiOiJhYjI5NDRkNzI2YzM0MmIyYTk5NWJjYmZhZjk1Nzc4YyIsInVzZXJfaWQiOiIxIn0.AzFJ5xlY0zuodcvljVEkpcRMnhF28vTQoI2JGaZUNkE", "created_at": "2026-02-07T15:22:55.524Z", "expires_at": "2026-02-14T15:22:55Z"}}, {"model": "token_blacklist.outstandingtoken", "pk": 6, "fields": {"user": 1, "jti": "5e3ab3166a0d42128d369ab8c5d04a24", "token": "eyJhbGciOiJIUzI1NiIsInR5cCI6IkpXVCJ9.eyJ0b2tlbl90eXBlIjoicmVmcmVzaCIsImV4cCI6MTc3MTA4MjcyNywiaWF0IjoxNzcwNDc3OTI3LCJqdGkiOiI1ZTNhYjMxNjZhMGQ0MjEyOGQzNjlhYjhjNWQwNGEyNCIsInVzZXJfaWQiOiIxIn0.woiPKosDG7ArVtTVXjbFfTH_8JYYXrU61OsShiN8LRM", "created_at": "2026-02-07T15:25:27.533Z", "expires_at": "2026-02-14T15:25:27Z"}}, {"model": "token_blacklist.outstandingtoken", "pk": 7, "fields": {"user": 1, "jti": "8c32fee85fad4e758c72641d3cc452c3", "token": "eyJhbGciOiJIUzI1NiIsInR5cCI6IkpXVCJ9.eyJ0b2tlbl90eXBlIjoicmVmcmVzaCIsImV4cCI6MTc3MTA4Mjc2MiwiaWF0IjoxNzcwNDc3OTYyLCJqdGkiOiI4YzMyZmVlODVmYWQ0ZTc1OGM3MjY0MWQzY2M0NTJjMyIsInVzZXJfaWQiOiIxIn0.ex16S5Agy_ViZnJ-QewCWvJOeddbvO99fR1XfZdbwOQ", "created_at": "2026-02-07T15:26:02.351Z", "expires_at": "2026-02-14T15:26:02Z"}}, {"model": "token_blacklist.outstandingtoken", "pk": 8, "fields": {"user": 1, "jti": "8af13f19c1634530bca504ae009accab", "token": "eyJhbGciOiJIUzI1NiIsInR5cCI6IkpXVCJ9.eyJ0b2tlbl90eXBlIjoicmVmcmVzaCIsImV4cCI6MTc3MTA4Mjg1NywiaWF0IjoxNzcwNDc4MDU3LCJqdGkiOiI4YWYxM2YxOWMxNjM0NTMwYmNhNTA0YWUwMDlhY2NhYiIsInVzZXJfaWQiOiIxIn0.j9KofqFzdzCzcEkwwkvO2OquqmXDJX-Xj8Fktk62sHw", "created_at": "2026-02-07T15:27:37.262Z", "expires_at": "2026-02-14T15:27:37Z"}}, {"model": "token_blacklist.outstandingtoken", "pk": 9, "fields": {"user": 1, "jti": "a5d528cc30554682b9724eb840d07760", "token": "eyJhbGciOiJIUzI1NiIsInR5cCI6IkpXVCJ9.eyJ0b2tlbl90eXBlIjoicmVmcmVzaCIsImV4cCI6MTc3MTA4Mjk4MSwiaWF0IjoxNzcwNDc4MTgxLCJqdGkiOiJhNWQ1MjhjYzMwNTU0NjgyYjk3MjRlYjg0MGQwNzc2MCIsInVzZXJfaWQiOiIxIn0.3o2FgYUpDPpEMmHFGQQwRXVdGLwk6tn3RE6utcX8Fd4", "created_at": "2026-02-07T15:29:41.402Z", "expires_at": "2026-02-14T15:29:41Z"}}, {"model": "token_blacklist.outstandingtoken", "pk": 10, "fields": {"user": 1, "jti": "5c5b2db40e4341199ce9bb0062ff63d0", "token": "eyJhbGciOiJIUzI1NiIsInR5cCI6IkpXVCJ9.eyJ0b2tlbl90eXBlIjoicmVmcmVzaCIsImV4cCI6MTc3MTA4MzYwMywiaWF0IjoxNzcwNDc4ODAzLCJqdGkiOiI1YzViMmRiNDBlNDM0MTE5OWNlOWJiMDA2MmZmNjNkMCIsInVzZXJfaWQiOiIxIn0.qjjOUYbWPnYmK7IOzrHTp78hb162UGgWMh4yXBJk6q0", "created_at": "2026-02-07T15:40:03.976Z", "expires_at": "2026-02-14T15:40:03Z"}}, {"model": "token_blacklist.outstandingtoken", "pk": 11, "fields": {"user": 1, "jti": "dc21561d12f44670a23c370a9b5c8087", "token": "eyJhbGciOiJIUzI1NiIsInR5cCI6IkpXVCJ9.eyJ0b2tlbl90eXBlIjoicmVmcmVzaCIsImV4cCI6MTc3MTA4MzYzOSwiaWF0IjoxNzcwNDc4ODM5LCJqdGkiOiJkYzIxNTYxZDEyZjQ0NjcwYTIzYzM3MGE5YjVjODA4NyIsInVzZXJfaWQiOiIxIn0.z4xZ9CgDJMYc-3lDedI5x023tM0eF0jDKWWnk4cJNak", "created_at": "2026-02-07T15:40:39.305Z", "expires_at": "2026-02-14T15:40:39Z"}}, {"model": "token_blacklist.outstandingtoken", "pk": 12, "fields": {"user": 1, "jti": "34a13068fe784105ac92bd07ea71ef61", "token": "eyJhbGciOiJIUzI1NiIsInR5cCI6IkpXVCJ9.eyJ0b2tlbl90eXBlIjoicmVmcmVzaCIsImV4cCI6MTc3MTA4MzY4MiwiaWF0IjoxNzcwNDc4ODgyLCJqdGkiOiIzNGExMzA2OGZlNzg0MTA1YWM5MmJkMDdlYTcxZWY2MSIsInVzZXJfaWQiOiIxIn0.G1QK5Br-fHwI0ICXWg2ArXo0ofBexnf882dZAIvlbTE", "created_at": "2026-02-07T15:41:22.693Z", "expires_at": "2026-02-14T15:41:22Z"}}, {"model": "token_blacklist.outstandingtoken", "pk": 13, "fields": {"user": 1, "jti": "30482a44e66c4f50bb3cc069718fc32c", "token": "eyJhbGciOiJIUzI1NiIsInR5cCI6IkpXVCJ9.eyJ0b2tlbl90eXBlIjoicmVmcmVzaCIsImV4cCI6MTc3MTA4NDY5MSwiaWF0IjoxNzcwNDc5ODkxLCJqdGkiOiIzMDQ4MmE0NGU2NmM0ZjUwYmIzY2MwNjk3MThmYzMyYyIsInVzZXJfaWQiOiIxIn0.-XQsbemqJeHiGPIBYsDNnOY5qF7O7nSLEBkkwwc9VjQ", "created_at": "2026-02-07T15:58:11.142Z", "expires_at": "2026-02-14T15:58:11Z"}}, {"model": "token_blacklist.outstandingtoken", "pk": 14, "fields": {"user": 1, "jti": "aafb56b9feea4940a8814f7df7d4de6c", "token": "eyJhbGciOiJIUzI1NiIsInR5cCI6IkpXVCJ9.eyJ0b2tlbl90eXBlIjoicmVmcmVzaCIsImV4cCI6MTc3MTA4NDg1MCwiaWF0IjoxNzcwNDgwMDUwLCJqdGkiOiJhYWZiNTZiOWZlZWE0OTQwYTg4MTRmN2RmN2Q0ZGU2YyIsInVzZXJfaWQiOiIxIn0.VTDxzeeKRy0lPUieSYN5kucN6YG0fvesr19nOeFA5SI", "created_at": "2026-02-07T16:00:50.148Z", "expires_at": "2026-02-14T16:00:50Z"}}, {"model": "token_blacklist.outstandingtoken", "pk": 15, "fields": {"user": 1, "jti": "7798dcb809f743af9e6453a7dd152a91", "token": "eyJhbGciOiJIUzI1NiIsInR5cCI6IkpXVCJ9.eyJ0b2tlbl90eXBlIjoicmVmcmVzaCIsImV4cCI6MTc3MTA4NDk0OSwiaWF0IjoxNzcwNDgwMTQ5LCJqdGkiOiI3Nzk4ZGNiODA5Zjc0M2FmOWU2NDUzYTdkZDE1MmE5MSIsInVzZXJfaWQiOiIxIn0.SzkWSlxP1c3nLz0x8ZnPO38DQFpSdEoSKguTSEq-Bm4", "created_at": "2026-02-07T16:02:29.650Z", "expires_at": "2026-02-14T16:02:29Z"}}, {"model": "token_blacklist.outstandingtoken", "pk": 16, "fields": {"user": 1, "jti": "5863959382c54f05b550ae35a58ab50d", "token": "eyJhbGciOiJIUzI1NiIsInR5cCI6IkpXVCJ9.eyJ0b2tlbl90eXBlIjoicmVmcmVzaCIsImV4cCI6MTc3MTA4NTA3NywiaWF0IjoxNzcwNDgwMjc3LCJqdGkiOiI1ODYzOTU5MzgyYzU0ZjA1YjU1MGFlMzVhNThhYjUwZCIsInVzZXJfaWQiOiIxIn0.yqXgU0t3dVX0YMabZMPIB3rvQU_WUgyIhPdJDjBuVo4", "created_at": "2026-02-07T16:04:37.112Z", "expires_at": "2026-02-14T16:04:37Z"}}, {"model": "token_blacklist.outstandingtoken", "pk": 17, "fields": {"user": 1, "jti": "848fbd0095c14384bc620e2fa948ed4f", "token": "eyJhbGciOiJIUzI1NiIsInR5cCI6IkpXVCJ9.eyJ0b2tlbl90eXBlIjoicmVmcmVzaCIsImV4cCI6MTc3MTA4NTIwNywiaWF0IjoxNzcwNDgwNDA3LCJqdGkiOiI4NDhmYmQwMDk1YzE0Mzg0YmM2MjBlMmZhOTQ4ZWQ0ZiIsInVzZXJfaWQiOiIxIn0.pYLQ4wALnZPwXcteh8jxEb9NbEWMX4OAdWrcaNbf6IQ", "created_at": "2026-02-07T16:06:47.993Z", "expires_at": "2026-02-14T16:06:47Z"}}, {"model": "token_blacklist.outstandingtoken", "pk": 18, "fields": {"user": 1, "jti": "761cdb4f0dd744d3a81edad2556b9f18", "token": "eyJhbGciOiJIUzI1NiIsInR5cCI6IkpXVCJ9.eyJ0b2tlbl90eXBlIjoicmVmcmVzaCIsImV4cCI6MTc3MTA4NTI2MCwiaWF0IjoxNzcwNDgwNDYwLCJqdGkiOiI3NjFjZGI0ZjBkZDc0NGQzYTgxZWRhZDI1NTZiOWYxOCIsInVzZXJfaWQiOiIxIn0.2nKfz4ztDRlFQAzglujHKNIx1I_HZ57B7ZmYqjjTsHk", "created_at": "2026-02-07T16:07:40.833Z", "expires_at": "2026-02-14T16:07:40Z"}}, {"model": "token_blacklist.outstandingtoken", "pk": 19, "fields": {"user": 1, "jti": "b73483419dba4dd89a1b560805c70c7d", "token": "eyJhbGciOiJIUzI1NiIsInR5cCI6IkpXVCJ9.eyJ0b2tlbl90eXBlIjoicmVmcmVzaCIsImV4cCI6MTc3MTA4NTM2NiwiaWF0IjoxNzcwNDgwNTY2LCJqdGkiOiJiNzM0ODM0MTlkYmE0ZGQ4OWExYjU2MDgwNWM3MGM3ZCIsInVzZXJfaWQiOiIxIn0.oHr3fOXmm1nnBQdkJDFBPOLVJTaKz8ShSrp2PGmIFqk", "created_at": "2026-02-07T16:09:26.491Z", "expires_at": "2026-02-14T16:09:26Z"}}, {"model": "token_blacklist.outstandingtoken", "pk": 20, "fields": {"user": 1, "jti": "022d6fe108ea492cb38b10b3139afa36", "token": "eyJhbGciOiJIUzI1NiIsInR5cCI6IkpXVCJ9.eyJ0b2tlbl90eXBlIjoicmVmcmVzaCIsImV4cCI6MTc3MTA4NTY0NCwiaWF0IjoxNzcwNDgwODQ0LCJqdGkiOiIwMjJkNmZlMTA4ZWE0OTJjYjM4YjEwYjMxMzlhZmEzNiIsInVzZXJfaWQiOiIxIn0.jw6b1OJsalVcVyo67unxpz1Skcfg0bGlC_fLNl9TzJA", "created_at": "2026-02-07T16:14:04.829Z", "expires_at": "2026-02-14T16:14:04Z"}}, {"model": "token_blacklist.outstandingtoken", "pk": 21, "fields": {"user": 1, "jti": "f2865f64ed494e389dad00b607a6e921", "token": "eyJhbGciOiJIUzI1NiIsInR5cCI6IkpXVCJ9.eyJ0b2tlbl90eXBlIjoicmVmcmVzaCIsImV4cCI6MTc3MTA4OTcwMCwiaWF0IjoxNzcwNDg0OTAwLCJqdGkiOiJmMjg2NWY2NGVkNDk0ZTM4OWRhZDAwYjYwN2E2ZTkyMSIsInVzZXJfaWQiOiIxIn0.ROb3lC1gIITAxcKQaxXE9JDUBCixz-uFm0yivxB_QL4", "created_at": "2026-02-07T17:21:40.400Z", "expires_at": "2026-02-14T17:21:40Z"}}, {"model": "token_blacklist.outstandingtoken", "pk": 22, "fields": {"user": 1, "jti": "de225a7e22c544159471cd860a67591c", "token": "eyJhbGciOiJIUzI1NiIsInR5cCI6IkpXVCJ9.eyJ0b2tlbl90eXBlIjoicmVmcmVzaCIsImV4cCI6MTc3MTA5MDc1NywiaWF0IjoxNzcwNDg1OTU3LCJqdGkiOiJkZTIyNWE3ZTIyYzU0NDE1OTQ3MWNkODYwYTY3NTkxYyIsInVzZXJfaWQiOiIxIn0.ZSg7fkHZqX9k1_j2vGCtZLil9MXBbQgJ11bUXUxttDg", "created_at": "2026-02-07T17:39:17.377Z", "expires_at": "2026-02-14T17:39:17Z"}}, {"model": "token_blacklist.outstandingtoken", "pk": 23, "fields": {"user": 1, "jti": "43bf37ec66a24d82888747e301262130", "token": "eyJhbGciOiJIUzI1NiIsInR5cCI6IkpXVCJ9.eyJ0b2tlbl90eXBlIjoicmVmcmVzaCIsImV4cCI6MTc3MTE3NzYyNiwiaWF0IjoxNzcwNTcyODI2LCJqdGkiOiI0M2JmMzdlYzY2YTI0ZDgyODg4NzQ3ZTMwMTI2MjEzMCIsInVzZXJfaWQiOiIxIn0.Vm5afXFRNh9uUdQchl2v5FAo5widi8LY2AL02xj6mxs", "created_at": "2026-02-08T17:47:06.284Z", "expires_at": "2026-02-15T17:47:06Z"}}, {"model": "token_blacklist.outstandingtoken", "pk": 24, "fields": {"user": 1, "jti": "ae33270f7b6a4fdbbc3e4322e65e6a29", "token": "eyJhbGciOiJIUzI1NiIsInR5cCI6IkpXVCJ9.eyJ0b2tlbl90eXBlIjoicmVmcmVzaCIsImV4cCI6MTc3MTI2Mzc0MiwiaWF0IjoxNzcwNjU4OTQyLCJqdGkiOiJhZTMzMjcwZjdiNmE0ZmRiYmMzZTQzMjJlNjVlNmEyOSIsInVzZXJfaWQiOiIxIn0.8Cf9Li1BORs_jUpkRYlXaHKn2dFxO8sceU2c4_5bjoM", "created_at": "2026-02-09T17:42:22.518Z", "expires_at": "2026-02-16T17:42:22Z"}}, {"model": "token_blacklist.outstandingtoken", "pk": 25, "fields": {"user": 1, "jti": "6c63dd29537b4cd9aa79c316314e827a", "token": "eyJhbGciOiJIUzI1NiIsInR5cCI6IkpXVCJ9.eyJ0b2tlbl90eXBlIjoicmVmcmVzaCIsImV4cCI6MTc3MTI2Mzc2NSwiaWF0IjoxNzcwNjU4OTY1LCJqdGkiOiI2YzYzZGQyOTUzN2I0Y2Q5YWE3OWMzMTYzMTRlODI3YSIsInVzZXJfaWQiOiIxIn0.uUr2TfAFZv7XNNA0CFASDGUwy4z-Glnb1krK3OlSVVM", "created_at": "2026-02-09T17:42:45.273Z", "expires_at": "2026-02-16T17:42:45Z"}}, {"model": "token_blacklist.outstandingtoken", "pk": 26, "fields": {"user": 1, "jti": "af69b99d60b84cf09b5ea63427256655", "token": "eyJhbGciOiJIUzI1NiIsInR5cCI6IkpXVCJ9.eyJ0b2tlbl90eXBlIjoicmVmcmVzaCIsImV4cCI6MTc3MTM0MDI4MiwiaWF0IjoxNzcwNzM1NDgyLCJqdGkiOiJhZjY5Yjk5ZDYwYjg0Y2YwOWI1ZWE2MzQyNzI1NjY1NSIsInVzZXJfaWQiOiIxIn0.-Jg1J3zBPmHVE-IzZeXrtjN7sEL8lff4rPx0jti_JjY", "created_at": "2026-02-10T14:58:02.091Z", "expires_at": "2026-02-17T14:58:02Z"}}, {"model": "token_blacklist.outstandingtoken", "pk": 27, "fields": {"user": 1, "jti": "990bd3a55a904e66bc7e104bc5d6c205", "token": "eyJhbGciOiJIUzI1NiIsInR5cCI6IkpXVCJ9.eyJ0b2tlbl90eXBlIjoicmVmcmVzaCIsImV4cCI6MTc3MTM0MjA5MSwiaWF0IjoxNzcwNzM3MjkxLCJqdGkiOiI5OTBiZDNhNTVhOTA0ZTY2YmM3ZTEwNGJjNWQ2YzIwNSIsInVzZXJfaWQiOiIxIn0.RG_L_e1PpRpfb9gk27XJBkqVsbCLaDQNmgW3S--K_Fw", "created_at": "2026-02-10T15:28:11.465Z", "expires_at": "2026-02-17T15:28:11Z"}}, {"model": "token_blacklist.outstandingtoken", "pk": 28, "fields": {"user": 1, "jti": "984baf86e560492aae5984607dc31e60", "token": "eyJhbGciOiJIUzI1NiIsInR5cCI6IkpXVCJ9.eyJ0b2tlbl90eXBlIjoicmVmcmVzaCIsImV4cCI6MTc3MTM0MjIwMywiaWF0IjoxNzcwNzM3NDAzLCJqdGkiOiI5ODRiYWY4NmU1NjA0OTJhYWU1OTg0NjA3ZGMzMWU2MCIsInVzZXJfaWQiOiIxIn0.wwjs1lo0g32NbkLMzaSLUk97C3K31pk8jm3lfVsGTQg", "created_at": "2026-02-10T15:30:03.251Z", "expires_at": "2026-02-17T15:30:03Z"}}, {"model": "token_blacklist.outstandingtoken", "pk": 29, "fields": {"user": 1, "jti": "3f5b597a65ff4371b051fa45650c98cd", "token": "eyJhbGciOiJIUzI1NiIsInR5cCI6IkpXVCJ9.eyJ0b2tlbl90eXBlIjoicmVmcmVzaCIsImV4cCI6MTc3MTM0MjI3OSwiaWF0IjoxNzcwNzM3NDc5LCJqdGkiOiIzZjViNTk3YTY1ZmY0MzcxYjA1MWZhNDU2NTBjOThjZCIsInVzZXJfaWQiOiIxIn0.ujfi2MIF1LghAnrllgkCWpYGE5biigL38isiXOh2pvc", "created_at": "2026-02-10T15:31:19.282Z", "expires_at": "2026-02-17T15:31:19Z"}}, {"model": "token_blacklist.outstandingtoken", "pk": 30, "fields": {"user": 1, "jti": "8ee5d430f6b14cfb90d62392018a0d36", "token": "eyJhbGciOiJIUzI1NiIsInR5cCI6IkpXVCJ9.eyJ0b2tlbl90eXBlIjoicmVmcmVzaCIsImV4cCI6MTc3MTM4ODExNCwiaWF0IjoxNzcwNzgzMzE0LCJqdGkiOiI4ZWU1ZDQzMGY2YjE0Y2ZiOTBkNjIzOTIwMThhMGQzNiIsInVzZXJfaWQiOiIxIn0.6JyEUrHPP5A86CIwYpxqnZpMLDlZdB0N69SE0bkeJr4", "created_at": "2026-02-11T04:15:14.905Z", "expires_at": "2026-02-18T04:15:14Z"}}, {"model": "token_blacklist.outstandingtoken", "pk": 31, "fields": {"user": 1, "jti": "04f6f637696741f8ad3afe9b2bd6a1a3", "token": "eyJhbGciOiJIUzI1NiIsInR5cCI6IkpXVCJ9.eyJ0b2tlbl90eXBlIjoicmVmcmVzaCIsImV4cCI6MTc3MTM4ODEzNywiaWF0IjoxNzcwNzgzMzM3LCJqdGkiOiIwNGY2ZjYzNzY5Njc0MWY4YWQzYWZlOWIyYmQ2YTFhMyIsInVzZXJfaWQiOiIxIn0.a71vlDlIMf-QeC097bnqxvRz4bu52Hz2zNNu_4yVj9Y", "created_at": "2026-02-11T04:15:37.404Z", "expires_at": "2026-02-18T04:15:37Z"}}, {"model": "token_blacklist.outstandingtoken", "pk": 32, "fields": {"user": 1, "jti": "38e51bc7b00a47628c3ef08a47eb27b4", "token": "eyJhbGciOiJIUzI1NiIsInR5cCI6IkpXVCJ9.eyJ0b2tlbl90eXBlIjoicmVmcmVzaCIsImV4cCI6MTc3MTM5MzU1OSwiaWF0IjoxNzcwNzg4NzU5LCJqdGkiOiIzOGU1MWJjN2IwMGE0NzYyOGMzZWYwOGE0N2ViMjdiNCIsInVzZXJfaWQiOiIxIn0.AHt-_IgQbW7r-QpaPkCfEgs62P-8MkIRueexgbHAufo", "created_at": "2026-02-11T05:45:59.803Z", "expires_at": "2026-02-18T05:45:59Z"}}, {"model": "token_blacklist.outstandingtoken", "pk": 33, "fields": {"user": 1, "jti": "a4a01c084fa9498c8ebeefea5ef6c087", "token": "eyJhbGciOiJIUzI1NiIsInR5cCI6IkpXVCJ9.eyJ0b2tlbl90eXBlIjoicmVmcmVzaCIsImV4cCI6MTc3MTM5NzI0OCwiaWF0IjoxNzcwNzkyNDQ4LCJqdGkiOiJhNGEwMWMwODRmYTk0OThjOGViZWVmZWE1ZWY2YzA4NyIsInVzZXJfaWQiOiIxIn0.pgx7V1GcW11rFOy_iOCX7bgAF0Nchakc77R7r2zcH2g", "created_at": "2026-02-11T06:47:28.005Z", "expires_at": "2026-02-18T06:47:28Z"}}, {"model": "token_blacklist.outstandingtoken", "pk": 34, "fields": {"user": 1, "jti": "536b5edb91424b0b93a83dd65a318dc6", "token": "eyJhbGciOiJIUzI1NiIsInR5cCI6IkpXVCJ9.eyJ0b2tlbl90eXBlIjoicmVmcmVzaCIsImV4cCI6MTc3MTQwMTUwNSwiaWF0IjoxNzcwNzk2NzA1LCJqdGkiOiI1MzZiNWVkYjkxNDI0YjBiOTNhODNkZDY1YTMxOGRjNiIsInVzZXJfaWQiOiIxIn0.ot5Xvh8fRDihGRx3CfN_gaHcAljj1TjiDXBkVaRs-Ds", "created_at": "2026-02-11T07:58:25.495Z", "expires_at": "2026-02-18T07:58:25Z"}}, {"model": "token_blacklist.outstandingtoken", "pk": 35, "fields": {"user": 1, "jti": "14c506960544493bad8c9a2d840bf77d", "token": "eyJhbGciOiJIUzI1NiIsInR5cCI6IkpXVCJ9.eyJ0b2tlbl90eXBlIjoicmVmcmVzaCIsImV4cCI6MTc3MTQyNzkxNSwiaWF0IjoxNzcwODIzMTE1LCJqdGkiOiIxNGM1MDY5NjA1NDQ0OTNiYWQ4YzlhMmQ4NDBiZjc3ZCIsInVzZXJfaWQiOiIxIn0.cjgL1IOW_x3kBDdBfEJ9C8OD3zf4YmUuvRDFWnJeAPA", "created_at": "2026-02-11T15:18:35.731Z", "expires_at": "2026-02-18T15:18:35Z"}}, {"model": "token_blacklist.outstandingtoken", "pk": 36, "fields": {"user": 1, "jti": "b9d085c3f77f42ccace8e06d8ef227bf", "token": "eyJhbGciOiJIUzI1NiIsInR5cCI6IkpXVCJ9.eyJ0b2tlbl90eXBlIjoicmVmcmVzaCIsImV4cCI6MTc3MTQzNDk5NywiaWF0IjoxNzcwODMwMTk3LCJqdGkiOiJiOWQwODVjM2Y3N2Y0MmNjYWNlOGUwNmQ4ZWYyMjdiZiIsInVzZXJfaWQiOiIxIn0.ca9fzhxbR4AoDNX8Nx6y8uQvhCcgcPGAWEwyjccQzMo", "created_at": "2026-02-11T17:16:37.974Z", "expires_at": "2026-02-18T17:16:37Z"}}, {"model": "token_blacklist.outstandingtoken", "pk": 37, "fields": {"user": 1, "jti": "042ef7685d594085b051beb1b37cd4dc", "token": "eyJhbGciOiJIUzI1NiIsInR5cCI6IkpXVCJ9.eyJ0b2tlbl90eXBlIjoicmVmcmVzaCIsImV4cCI6MTc3MTQzNjM3NSwiaWF0IjoxNzcwODMxNTc1LCJqdGkiOiIwNDJlZjc2ODVkNTk0MDg1YjA1MWJlYjFiMzdjZDRkYyIsInVzZXJfaWQiOiIxIn0.2aao0Hym2D0dUx7IczEqahTXPsI9HLX4TPfPL4fRtdE", "created_at": "2026-02-11T17:39:35.640Z", "expires_at": "2026-02-18T17:39:35Z"}}, {"model": "token_blacklist.outstandingtoken", "pk": 38, "fields": {"user": 1, "jti": "15912f40adc04bf7b06092100a1fe55d", "token": "eyJhbGciOiJIUzI1NiIsInR5cCI6IkpXVCJ9.eyJ0b2tlbl90eXBlIjoicmVmcmVzaCIsImV4cCI6MTc3MTQ4MTk3OSwiaWF0IjoxNzcwODc3MTc5LCJqdGkiOiIxNTkxMmY0MGFkYzA0YmY3YjA2MDkyMTAwYTFmZTU1ZCIsInVzZXJfaWQiOiIxIn0.4U0srlsTdKMf9fCsTMOcw890e59X-1AHH5cz-LNqan8", "created_at": "2026-02-12T06:19:39.431Z", "expires_at": "2026-02-19T06:19:39Z"}}, {"model": "token_blacklist.outstandingtoken", "pk": 39, "fields": {"user": 1, "jti": "2f59d776a3154644b95c3bfd61847071", "token": "eyJhbGciOiJIUzI1NiIsInR5cCI6IkpXVCJ9.eyJ0b2tlbl90eXBlIjoicmVmcmVzaCIsImV4cCI6MTc3MTQ4NTQzMiwiaWF0IjoxNzcwODgwNjMyLCJqdGkiOiIyZjU5ZDc3NmEzMTU0NjQ0Yjk1YzNiZmQ2MTg0NzA3MSIsInVzZXJfaWQiOiIxIn0.3vot6YJ0krR_U6CpjPmc-F3dPeqMyTvaplMAj5YprrM", "created_at": "2026-02-12T07:17:12.452Z", "expires_at": "2026-02-19T07:17:12Z"}}, {"model": "token_blacklist.outstandingtoken", "pk": 40, "fields": {"user": 1, "jti": "73c1c965bbbf4748894f2533fc686f74", "token": "eyJhbGciOiJIUzI1NiIsInR5cCI6IkpXVCJ9.eyJ0b2tlbl90eXBlIjoicmVmcmVzaCIsImV4cCI6MTc3MTQ5NjU4MCwiaWF0IjoxNzcwODkxNzgwLCJqdGkiOiI3M2MxYzk2NWJiYmY0NzQ4ODk0ZjI1MzNmYzY4NmY3NCIsInVzZXJfaWQiOiIxIn0.GTlujkMQ6_7e_6Tbmwb1vVgxCu36wxoXrU06uhQ0lRQ", "created_at": "2026-02-12T10:23:00.373Z", "expires_at": "2026-02-19T10:23:00Z"}}, {"model": "token_blacklist.outstandingtoken", "pk": 41, "fields": {"user": 1, "jti": "15a1e607e5c949f284226b11a1bb0e5c", "token": "eyJhbGciOiJIUzI1NiIsInR5cCI6IkpXVCJ9.eyJ0b2tlbl90eXBlIjoicmVmcmVzaCIsImV4cCI6MTc3MTUwMTkwNSwiaWF0IjoxNzcwODk3MTA1LCJqdGkiOiIxNWExZTYwN2U1Yzk0OWYyODQyMjZiMTFhMWJiMGU1YyIsInVzZXJfaWQiOiIxIn0.IrWTQCJxpoiqQQ01PfdtR9UKvzOlNNVcVXgbivIfJFg", "created_at": "2026-02-12T11:51:45.757Z", "expires_at": "2026-02-19T11:51:45Z"}}, {"model": "token_blacklist.outstandingtoken", "pk": 42, "fields": {"user": 1, "jti": "57a5b71a35ff41f7b7ac458f5348d3e6", "token": "eyJhbGciOiJIUzI1NiIsInR5cCI6IkpXVCJ9.eyJ0b2tlbl90eXBlIjoicmVmcmVzaCIsImV4cCI6MTc3MTYxMzY1OCwiaWF0IjoxNzcxMDA4ODU4LCJqdGkiOiI1N2E1YjcxYTM1ZmY0MWY3YjdhYzQ1OGY1MzQ4ZDNlNiIsInVzZXJfaWQiOiIxIn0.YbC6bTaimHSg9LsnP5uzQjo4cuL6N9Xdg-YVBp_Sm6w", "created_at": "2026-02-13T18:54:18.878Z", "expires_at": "2026-02-20T18:54:18Z"}}, {"model": "token_blacklist.outstandingtoken", "pk": 43, "fields": {"user": 1, "jti": "c19c1104c7d64f669a9acf4b9f9225eb", "token": "eyJhbGciOiJIUzI1NiIsInR5cCI6IkpXVCJ9.eyJ0b2tlbl90eXBlIjoicmVmcmVzaCIsImV4cCI6MTc3MTc3OTM0MSwiaWF0IjoxNzcxMTc0NTQxLCJqdGkiOiJjMTljMTEwNGM3ZDY0ZjY2OWE5YWNmNGI5ZjkyMjVlYiIsInVzZXJfaWQiOiIxIn0.jRJsM_rRfGjQbcaGMSD6TQZvmGnUD5-RAq53kF1KVN4", "created_at": "2026-02-15T16:55:41.658Z", "expires_at": "2026-02-22T16:55:41Z"}}, {"model": "token_blacklist.outstandingtoken", "pk": 44, "fields": {"user": 5, "jti": "cb3e53759d764625a7a986b301ababc6", "token": "eyJhbGciOiJIUzI1NiIsInR5cCI6IkpXVCJ9.eyJ0b2tlbl90eXBlIjoicmVmcmVzaCIsImV4cCI6MTc3MTc4MDc0OSwiaWF0IjoxNzcxMTc1OTQ5LCJqdGkiOiJjYjNlNTM3NTlkNzY0NjI1YTdhOTg2YjMwMWFiYWJjNiIsInVzZXJfaWQiOiI1In0.DRVzhISe57zwGUcZRniypupFJSKoWP62nvi_CCRIdiU", "created_at": "2026-02-15T17:19:09.302Z", "expires_at": "2026-02-22T17:19:09Z"}}, {"model": "token_blacklist.outstandingtoken", "pk": 45, "fields": {"user": 1, "jti": "24f185dea2494e369494e3ebe9b32eb3", "token": "eyJhbGciOiJIUzI1NiIsInR5cCI6IkpXVCJ9.eyJ0b2tlbl90eXBlIjoicmVmcmVzaCIsImV4cCI6MTc3MTc4MDkyMSwiaWF0IjoxNzcxMTc2MTIxLCJqdGkiOiIyNGYxODVkZWEyNDk0ZTM2OTQ5NGUzZWJlOWIzMmViMyIsInVzZXJfaWQiOiIxIn0.mJzsnpq9G80s01BrryPx5-Bak2JbqwoUtDPQEhcSTDI", "created_at": "2026-02-15T17:22:01.515Z", "expires_at": "2026-02-22T17:22:01Z"}}, {"model": "token_blacklist.outstandingtoken", "pk": 46, "fields": {"user": 5, "jti": "4687616d926c470685e12303d5cb539e", "token": "eyJhbGciOiJIUzI1NiIsInR5cCI6IkpXVCJ9.eyJ0b2tlbl90eXBlIjoicmVmcmVzaCIsImV4cCI6MTc3MTc4MTg3MywiaWF0IjoxNzcxMTc3MDczLCJqdGkiOiI0Njg3NjE2ZDkyNmM0NzA2ODVlMTIzMDNkNWNiNTM5ZSIsInVzZXJfaWQiOiI1In0.05GsCAe9DH4Y6yg-12iemZWq-VDKLOpkv6QvDc2uCpU", "created_at": "2026-02-15T17:37:53.582Z", "expires_at": "2026-02-22T17:37:53Z"}}, {"model": "token_blacklist.outstandingtoken", "pk": 47, "fields": {"user": 1, "jti": "4546c3e1259944989443e91228cd2ebc", "token": "eyJhbGciOiJIUzI1NiIsInR5cCI6IkpXVCJ9.eyJ0b2tlbl90eXBlIjoicmVmcmVzaCIsImV4cCI6MTc3MTc4MjA1MiwiaWF0IjoxNzcxMTc3MjUyLCJqdGkiOiI0NTQ2YzNlMTI1OTk0NDk4OTQ0M2U5MTIyOGNkMmViYyIsInVzZXJfaWQiOiIxIn0.63kKnKeuZ0sioV6m2Biy2r9eVkOM6EHOctdHpE4JTRY", "created_at": "2026-02-15T17:40:52.833Z", "expires_at": "2026-02-22T17:40:52Z"}}, {"model": "token_blacklist.outstandingtoken", "pk": 48, "fields": {"user": 1, "jti": "65d903a6a32b4411b0b1ee6842d05fdb", "token": "eyJhbGciOiJIUzI1NiIsInR5cCI6IkpXVCJ9.eyJ0b2tlbl90eXBlIjoicmVmcmVzaCIsImV4cCI6MTc3MTg2ODQ1NCwiaWF0IjoxNzcxMjYzNjU0LCJqdGkiOiI2NWQ5MDNhNmEzMmI0NDExYjBiMWVlNjg0MmQwNWZkYiIsInVzZXJfaWQiOiIxIn0.djlPlxDEM-s0SgkN_3Wn1jQ2rzwrj9vvr3cACpAWUzk", "created_at": "2026-02-16T17:40:54.133Z", "expires_at": "2026-02-23T17:40:54Z"}}, {"model": "token_blacklist.outstandingtoken", "pk": 49, "fields": {"user": 5, "jti": "094270f4749944ef8a93f076d9af11d7", "token": "eyJhbGciOiJIUzI1NiIsInR5cCI6IkpXVCJ9.eyJ0b2tlbl90eXBlIjoicmVmcmVzaCIsImV4cCI6MTc3MTg2OTYyMiwiaWF0IjoxNzcxMjY0ODIyLCJqdGkiOiIwOTQyNzBmNDc0OTk0NGVmOGE5M2YwNzZkOWFmMTFkNyIsInVzZXJfaWQiOiI1In0.YcPktbiqSvuouMqdyoTKVUFkdv2xNoILptvzgOtH0j4", "created_at": "2026-02-16T18:00:22.886Z", "expires_at": "2026-02-23T18:00:22Z"}}, {"model": "token_blacklist.outstandingtoken", "pk": 50, "fields": {"user": 1, "jti": "ec370a546eb14e0d83a12bd030d91e1c", "token": "eyJhbGciOiJIUzI1NiIsInR5cCI6IkpXVCJ9.eyJ0b2tlbl90eXBlIjoicmVmcmVzaCIsImV4cCI6MTc3MTg2OTY4MywiaWF0IjoxNzcxMjY0ODgzLCJqdGkiOiJlYzM3MGE1NDZlYjE0ZTBkODNhMTJiZDAzMGQ5MWUxYyIsInVzZXJfaWQiOiIxIn0.KHDkesITbD03Hiqd4RiO-gUJcUxNrZ7izHH8QtW8-uA", "created_at": "2026-02-16T18:01:23.306Z", "expires_at": "2026-02-23T18:01:23Z"}}, {"model": "token_blacklist.outstandingtoken", "pk": 51, "fields": {"user": 5, "jti": "37a0e1177ecc45d6a84040192f0958d8", "token": "eyJhbGciOiJIUzI1NiIsInR5cCI6IkpXVCJ9.eyJ0b2tlbl90eXBlIjoicmVmcmVzaCIsImV4cCI6MTc3MTg2OTc1MSwiaWF0IjoxNzcxMjY0OTUxLCJqdGkiOiIzN2EwZTExNzdlY2M0NWQ2YTg0MDQwMTkyZjA5NThkOCIsInVzZXJfaWQiOiI1In0.hihgM3IjkUyLFPrTM57ZIl3UQRgw4fVO9sohHcqCQZU", "created_at": "2026-02-16T18:02:31.575Z", "expires_at": "2026-02-23T18:02:31Z"}}, {"model": "token_blacklist.outstandingtoken", "pk": 52, "fields": {"user": 1, "jti": "99b06c6160994c72a7e28f2f67cccb5e", "token": "eyJhbGciOiJIUzI1NiIsInR5cCI6IkpXVCJ9.eyJ0b2tlbl90eXBlIjoicmVmcmVzaCIsImV4cCI6MTc3MTg2OTg0NCwiaWF0IjoxNzcxMjY1MDQ0LCJqdGkiOiI5OWIwNmM2MTYwOTk0YzcyYTdlMjhmMmY2N2NjY2I1ZSIsInVzZXJfaWQiOiIxIn0.EPXjevix9aJy2L8r6FzJszSaplbd61G5fDenf2QgTYc", "created_at": "2026-02-16T18:04:04.377Z", "expires_at": "2026-02-23T18:04:04Z"}}, {"model": "token_blacklist.outstandingtoken", "pk": 53, "fields": {"user": 5, "jti": "020b369955f54ea79a71e83df1e04c23", "token": "eyJhbGciOiJIUzI1NiIsInR5cCI6IkpXVCJ9.eyJ0b2tlbl90eXBlIjoicmVmcmVzaCIsImV4cCI6MTc3MTg3MDcyMSwiaWF0IjoxNzcxMjY1OTIxLCJqdGkiOiIwMjBiMzY5OTU1ZjU0ZWE3OWE3MWU4M2RmMWUwNGMyMyIsInVzZXJfaWQiOiI1In0.Y7BBsG-A0Y7RgG87WJ8KFPJScptxKpvfMLnM4BeMscY", "created_at": "2026-02-16T18:18:41.194Z", "expires_at": "2026-02-23T18:18:41Z"}}, {"model": "token_blacklist.outstandingtoken", "pk": 54, "fields": {"user": 1, "jti": "42f3e65771fb45db9efa79306e18a4b3", "token": "eyJhbGciOiJIUzI1NiIsInR5cCI6IkpXVCJ9.eyJ0b2tlbl90eXBlIjoicmVmcmVzaCIsImV4cCI6MTc3MTg3MDk1NSwiaWF0IjoxNzcxMjY2MTU1LCJqdGkiOiI0MmYzZTY1NzcxZmI0NWRiOWVmYTc5MzA2ZTE4YTRiMyIsInVzZXJfaWQiOiIxIn0.099J2sWN8xh4pwnU6zDdMiWZiHLaCPD-N37IhUqm8N4", "created_at": "2026-02-16T18:22:35.874Z", "expires_at": "2026-02-23T18:22:35Z"}}, {"model": "token_blacklist.outstandingtoken", "pk": 55, "fields": {"user": 5, "jti": "918fa08a938c45e5a4fa3f33f155f89f", "token": "eyJhbGciOiJIUzI1NiIsInR5cCI6IkpXVCJ9.eyJ0b2tlbl90eXBlIjoicmVmcmVzaCIsImV4cCI6MTc3MTg3MTQwMiwiaWF0IjoxNzcxMjY2NjAyLCJqdGkiOiI5MThmYTA4YTkzOGM0NWU1YTRmYTNmMzNmMTU1Zjg5ZiIsInVzZXJfaWQiOiI1In0.JhKrYe9O6jm7jZ7DQfV-LaB9LygfvmCfKoHj7ZG8z5A", "created_at": "2026-02-16T18:30:02.290Z", "expires_at": "2026-02-23T18:30:02Z"}}, {"model": "token_blacklist.outstandingtoken", "pk": 56, "fields": {"user": 1, "jti": "bc73d5123d34414a9749811cf8dd34e3", "token": "eyJhbGciOiJIUzI1NiIsInR5cCI6IkpXVCJ9.eyJ0b2tlbl90eXBlIjoicmVmcmVzaCIsImV4cCI6MTc3MTg3MTczOCwiaWF0IjoxNzcxMjY2OTM4LCJqdGkiOiJiYzczZDUxMjNkMzQ0MTRhOTc0OTgxMWNmOGRkMzRlMyIsInVzZXJfaWQiOiIxIn0.A1wHVH9afJ2PWHfpFLrLr-V6pvn6h9VVRcEC8L92tCo", "created_at": "2026-02-16T18:35:38.150Z", "expires_at": "2026-02-23T18:35:38Z"}}, {"model": "token_blacklist.outstandingtoken", "pk": 57, "fields": {"user": 1, "jti": "408c63674ff74b13bfffcce4d8e0d7b9", "token": "eyJhbGciOiJIUzI1NiIsInR5cCI6IkpXVCJ9.eyJ0b2tlbl90eXBlIjoicmVmcmVzaCIsImV4cCI6MTc3MTg3MTg4MywiaWF0IjoxNzcxMjY3MDgzLCJqdGkiOiI0MDhjNjM2NzRmZjc0YjEzYmZmZmNjZTRkOGUwZDdiOSIsInVzZXJfaWQiOiIxIn0.u3MFCekCcGh2Lfz77Ndc5ALvbx9SCbnIlOOv-AvBTDA", "created_at": "2026-02-16T18:38:03.732Z", "expires_at": "2026-02-23T18:38:03Z"}}, {"model": "token_blacklist.outstandingtoken", "pk": 58, "fields": {"user": 1, "jti": "cbcdfb80f9cf4e34ba8e908154720015", "token": "eyJhbGciOiJIUzI1NiIsInR5cCI6IkpXVCJ9.eyJ0b2tlbl90eXBlIjoicmVmcmVzaCIsImV4cCI6MTc3MTk1Mjg0MywiaWF0IjoxNzcxMzQ4MDQzLCJqdGkiOiJjYmNkZmI4MGY5Y2Y0ZTM0YmE4ZTkwODE1NDcyMDAxNSIsInVzZXJfaWQiOiIxIn0.Rr9_ddOiq_-Px3skjzrscgO0YWwgfD-grs45tvgd2UM", "created_at": "2026-02-17T17:07:23.776Z", "expires_at": "2026-02-24T17:07:23Z"}}, {"model": "token_blacklist.outstandingtoken", "pk": 59, "fields": {"user": 1, "jti": "4a186cbffa78415db3e388101c5bf1da", "token": "eyJhbGciOiJIUzI1NiIsInR5cCI6IkpXVCJ9.eyJ0b2tlbl90eXBlIjoicmVmcmVzaCIsImV4cCI6MTc3MTk1OTk2NSwiaWF0IjoxNzcxMzU1MTY1LCJqdGkiOiI0YTE4NmNiZmZhNzg0MTVkYjNlMzg4MTAxYzViZjFkYSIsInVzZXJfaWQiOiIxIn0.jtDWqvcs2joZ8SdZIygXbg12XYjvDlUeNBYPB6nMt9U", "created_at": "2026-02-17T19:06:05.205Z", "expires_at": "2026-02-24T19:06:05Z"}}, {"model": "token_blacklist.outstandingtoken", "pk": 60, "fields": {"user": 1, "jti": "1cfeb70a5a29468b978566ac555b8035", "token": "eyJhbGciOiJIUzI1NiIsInR5cCI6IkpXVCJ9.eyJ0b2tlbl90eXBlIjoicmVmcmVzaCIsImV4cCI6MTc3MjA0MDEzNSwiaWF0IjoxNzcxNDM1MzM1LCJqdGkiOiIxY2ZlYjcwYTVhMjk0NjhiOTc4NTY2YWM1NTViODAzNSIsInVzZXJfaWQiOiIxIn0.k16HQCeb63cBdYMWGjsh0C8iuk7up-VLTzGgIub2IaI", "created_at": "2026-02-18T17:22:15.327Z", "expires_at": "2026-02-25T17:22:15Z"}}, {"model": "token_blacklist.outstandingtoken", "pk": 61, "fields": {"user": 5, "jti": "7b91dc5973254fd7a4dd6b009605111c", "token": "eyJhbGciOiJIUzI1NiIsInR5cCI6IkpXVCJ9.eyJ0b2tlbl90eXBlIjoicmVmcmVzaCIsImV4cCI6MTc3MjA0MjQyNSwiaWF0IjoxNzcxNDM3NjI1LCJqdGkiOiI3YjkxZGM1OTczMjU0ZmQ3YTRkZDZiMDA5NjA1MTExYyIsInVzZXJfaWQiOiI1In0.X8U1aW8sN2_zuE0CPhJAzEu4STLj56wWvpq2t79zI0U", "created_at": "2026-02-18T18:00:25.804Z", "expires_at": "2026-02-25T18:00:25Z"}}, {"model": "token_blacklist.outstandingtoken", "pk": 62, "fields": {"user": 2, "jti": "001549122a5f4b67a33c1d53d7e4e052", "token": "eyJhbGciOiJIUzI1NiIsInR5cCI6IkpXVCJ9.eyJ0b2tlbl90eXBlIjoicmVmcmVzaCIsImV4cCI6MTc3MjA0MzQzNSwiaWF0IjoxNzcxNDM4NjM1LCJqdGkiOiIwMDE1NDkxMjJhNWY0YjY3YTMzYzFkNTNkN2U0ZTA1MiIsInVzZXJfaWQiOiIyIn0.MDMtdZqD5_S5L_J7oyqwyYpGTyffB3pNTsLeJuekV4A", "created_at": "2026-02-18T18:17:15.408Z", "expires_at": "2026-02-25T18:17:15Z"}}, {"model": "token_blacklist.outstandingtoken", "pk": 63, "fields": {"user": 5, "jti": "35bec02826014615b8d3ed1065a562c1", "token": "eyJhbGciOiJIUzI1NiIsInR5cCI6IkpXVCJ9.eyJ0b2tlbl90eXBlIjoicmVmcmVzaCIsImV4cCI6MTc3MjA0NDIzMCwiaWF0IjoxNzcxNDM5NDMwLCJqdGkiOiIzNWJlYzAyODI2MDE0NjE1YjhkM2VkMTA2NWE1NjJjMSIsInVzZXJfaWQiOiI1In0.VBY6la3myLk8j0bThSrBvxkiySeDlXouHNkFGawgYCw", "created_at": "2026-02-18T18:30:30.176Z", "expires_at": "2026-02-25T18:30:30Z"}}, {"model": "token_blacklist.outstandingtoken", "pk": 64, "fields": {"user": 1, "jti": "2ae6e86180ba43bda3401b6730db9eb5", "token": "eyJhbGciOiJIUzI1NiIsInR5cCI6IkpXVCJ9.eyJ0b2tlbl90eXBlIjoicmVmcmVzaCIsImV4cCI6MTc3MjIwNTY5NSwiaWF0IjoxNzcxNjAwODk1LCJqdGkiOiIyYWU2ZTg2MTgwYmE0M2JkYTM0MDFiNjczMGRiOWViNSIsInVzZXJfaWQiOiIxIn0.m-uyyXN4in2Q4lRW-edLRZgGnJZXODeQgKGWvThsW_E", "created_at": "2026-02-20T15:21:35.218Z", "expires_at": "2026-02-27T15:21:35Z"}}, {"model": "token_blacklist.outstandingtoken", "pk": 65, "fields": {"user": 1, "jti": "234a876a648949d2a3aaf2940c6bdf75", "token": "eyJhbGciOiJIUzI1NiIsInR5cCI6IkpXVCJ9.eyJ0b2tlbl90eXBlIjoicmVmcmVzaCIsImV4cCI6MTc3MjIwNzU1OCwiaWF0IjoxNzcxNjAyNzU4LCJqdGkiOiIyMzRhODc2YTY0ODk0OWQyYTNhYWYyOTQwYzZiZGY3NSIsInVzZXJfaWQiOiIxIn0.jvxb1c4LKi80tjxTTLbbx3qr0N5uh8LQxh4WEvnJjSE", "created_at": "2026-02-20T15:52:38.251Z", "expires_at": "2026-02-27T15:52:38Z"}}, {"model": "token_blacklist.outstandingtoken", "pk": 66, "fields": {"user": 1, "jti": "b3b1e070679d451083cff966de2a4a38", "token": "eyJhbGciOiJIUzI1NiIsInR5cCI6IkpXVCJ9.eyJ0b2tlbl90eXBlIjoicmVmcmVzaCIsImV4cCI6MTc3MjI2OTk1NywiaWF0IjoxNzcxNjY1MTU3LCJqdGkiOiJiM2IxZTA3MDY3OWQ0NTEwODNjZmY5NjZkZTJhNGEzOCIsInVzZXJfaWQiOiIxIn0.VjY_CV7f0S_1RgQRccWID0PNPmcDKq74oYZCrRmuuvQ", "created_at": "2026-02-21T09:12:37.849Z", "expires_at": "2026-02-28T09:12:37Z"}}, {"model": "token_blacklist.outstandingtoken", "pk": 67, "fields": {"user": 1, "jti": "2dd0cedc0c6c4ea184d3b57859fa99c2", "token": "eyJhbGciOiJIUzI1NiIsInR5cCI6IkpXVCJ9.eyJ0b2tlbl90eXBlIjoicmVmcmVzaCIsImV4cCI6MTc3MjI5NjA3OSwiaWF0IjoxNzcxNjkxMjc5LCJqdGkiOiIyZGQwY2VkYzBjNmM0ZWExODRkM2I1Nzg1OWZhOTljMiIsInVzZXJfaWQiOiIxIn0.-F66K7M8n5Drs7hcc-62z_vnTqKnwvWxJsK8aoHfUCc", "created_at": "2026-02-21T16:27:59.055Z", "expires_at": "2026-02-28T16:27:59Z"}}, {"model": "token_blacklist.outstandingtoken", "pk": 68, "fields": {"user": 1, "jti": "a6955acbaa364d26ad9e392094cba623", "token": "eyJhbGciOiJIUzI1NiIsInR5cCI6IkpXVCJ9.eyJ0b2tlbl90eXBlIjoicmVmcmVzaCIsImV4cCI6MTc3MjM4MzEwNCwiaWF0IjoxNzcxNzc4MzA0LCJqdGkiOiJhNjk1NWFjYmFhMzY0ZDI2YWQ5ZTM5MjA5NGNiYTYyMyIsInVzZXJfaWQiOiIxIn0.Qxd5b-HCkdzusmH9JIgPNxJjFcpueRFp8YlgxC0rV4s", "created_at": "2026-02-22T16:38:24.348Z", "expires_at": "2026-03-01T16:38:24Z"}}, {"model": "token_blacklist.outstandingtoken", "pk": 69, "fields": {"user": 1, "jti": "0f02d7f8008642a9a6c2faf837feb147", "token": "eyJhbGciOiJIUzI1NiIsInR5cCI6IkpXVCJ9.eyJ0b2tlbl90eXBlIjoicmVmcmVzaCIsImV4cCI6MTc3MjQzOTQyMSwiaWF0IjoxNzcxODM0NjIxLCJqdGkiOiIwZjAyZDdmODAwODY0MmE5YTZjMmZhZjgzN2ZlYjE0NyIsInVzZXJfaWQiOiIxIn0.Lc4W0u1WH5SaamamYryhzmo6MwXB19BO71J1cyYPAWE", "created_at": "2026-02-23T08:17:01.647Z", "expires_at": "2026-03-02T08:17:01Z"}}, {"model": "token_blacklist.outstandingtoken", "pk": 70, "fields": {"user": 1, "jti": "0d4babbf87764a138f37b97f990a3f66", "token": "eyJhbGciOiJIUzI1NiIsInR5cCI6IkpXVCJ9.eyJ0b2tlbl90eXBlIjoicmVmcmVzaCIsImV4cCI6MTc3MjQzOTg2NywiaWF0IjoxNzcxODM1MDY3LCJqdGkiOiIwZDRiYWJiZjg3NzY0YTEzOGYzN2I5N2Y5OTBhM2Y2NiIsInVzZXJfaWQiOiIxIn0.xSIUealIIfOg3-dLXmQPrEt5sHDVgcKBk5V9tHVEzXo", "created_at": "2026-02-23T08:24:27.299Z", "expires_at": "2026-03-02T08:24:27Z"}}, {"model": "token_blacklist.outstandingtoken", "pk": 71, "fields": {"user": 1, "jti": "ed3d597cab2841c6ae654d87c8941e01", "token": "eyJhbGciOiJIUzI1NiIsInR5cCI6IkpXVCJ9.eyJ0b2tlbl90eXBlIjoicmVmcmVzaCIsImV4cCI6MTc3MjQzOTg5NiwiaWF0IjoxNzcxODM1MDk2LCJqdGkiOiJlZDNkNTk3Y2FiMjg0MWM2YWU2NTRkODdjODk0MWUwMSIsInVzZXJfaWQiOiIxIn0.rGsKyttW4Grqu-hZAsLDksacw8D77hkKg71L6hXNGmk", "created_at": "2026-02-23T08:24:56.926Z", "expires_at": "2026-03-02T08:24:56Z"}}, {"model": "token_blacklist.outstandingtoken", "pk": 72, "fields": {"user": 1, "jti": "68b150bdbe14487aa110607bf508ce7e", "token": "eyJhbGciOiJIUzI1NiIsInR5cCI6IkpXVCJ9.eyJ0b2tlbl90eXBlIjoicmVmcmVzaCIsImV4cCI6MTc3MjQzOTk4NSwiaWF0IjoxNzcxODM1MTg1LCJqdGkiOiI2OGIxNTBiZGJlMTQ0ODdhYTExMDYwN2JmNTA4Y2U3ZSIsInVzZXJfaWQiOiIxIn0.DITgvKG58tP_vniX2Ikc8pkzDIn7W8pR_NZ937V59nE", "created_at": "2026-02-23T08:26:25.478Z", "expires_at": "2026-03-02T08:26:25Z"}}, {"model": "token_blacklist.outstandingtoken", "pk": 73, "fields": {"user": 1, "jti": "b67313824b234fdca48b905816edacd3", "token": "eyJhbGciOiJIUzI1NiIsInR5cCI6IkpXVCJ9.eyJ0b2tlbl90eXBlIjoicmVmcmVzaCIsImV4cCI6MTc3MjU1MjMzMywiaWF0IjoxNzcxOTQ3NTMzLCJqdGkiOiJiNjczMTM4MjRiMjM0ZmRjYTQ4YjkwNTgxNmVkYWNkMyIsInVzZXJfaWQiOiIxIn0.wKLChKYLgMcQBC46dSEd_CdOwfGVQuYw_R3XVJvGhc4", "created_at": "2026-02-24T15:38:53.800Z", "expires_at": "2026-03-03T15:38:53Z"}}, {"model": "token_blacklist.outstandingtoken", "pk": 74, "fields": {"user": 1, "jti": "fd120971c9364ef99aa997c35824e19a", "token": "eyJhbGciOiJIUzI1NiIsInR5cCI6IkpXVCJ9.eyJ0b2tlbl90eXBlIjoicmVmcmVzaCIsImV4cCI6MTc3MjczMTMwMCwiaWF0IjoxNzcyMTI2NTAwLCJqdGkiOiJmZDEyMDk3MWM5MzY0ZWY5OWFhOTk3YzM1ODI0ZTE5YSIsInVzZXJfaWQiOiIxIn0.5YJf9NVONk2EHxtgJBHtXehgTwICQ9mBQ1aurB2xi8c", "created_at": "2026-02-26T17:21:40.674Z", "expires_at": "2026-03-05T17:21:40Z"}}, {"model": "token_blacklist.outstandingtoken", "pk": 75, "fields": {"user": 1, "jti": "4cf91cd5d41a4e6ba14d952406e97dbd", "token": "eyJhbGciOiJIUzI1NiIsInR5cCI6IkpXVCJ9.eyJ0b2tlbl90eXBlIjoicmVmcmVzaCIsImV4cCI6MTc3MjczMzk3MywiaWF0IjoxNzcyMTI5MTczLCJqdGkiOiI0Y2Y5MWNkNWQ0MWE0ZTZiYTE0ZDk1MjQwNmU5N2RiZCIsInVzZXJfaWQiOiIxIn0.LCWFx5O4eWsbVQ8fqThaUKFCXzgmH1RYjdCWDZIJkWI", "created_at": "2026-02-26T18:06:13.189Z", "expires_at": "2026-03-05T18:06:13Z"}}, {"model": "token_blacklist.outstandingtoken", "pk": 76, "fields": {"user": 1, "jti": "98662c01bf474421b7dee18c7f95549e", "token": "eyJhbGciOiJIUzI1NiIsInR5cCI6IkpXVCJ9.eyJ0b2tlbl90eXBlIjoicmVmcmVzaCIsImV4cCI6MTc3MjczNjE3OSwiaWF0IjoxNzcyMTMxMzc5LCJqdGkiOiI5ODY2MmMwMWJmNDc0NDIxYjdkZWUxOGM3Zjk1NTQ5ZSIsInVzZXJfaWQiOiIxIn0.XbL1XsKoYA_a7Eerxn7dYf0k3LMvjezQrUDtw2zqo_Y", "created_at": "2026-02-26T18:42:59.736Z", "expires_at": "2026-03-05T18:42:59Z"}}, {"model": "token_blacklist.outstandingtoken", "pk": 77, "fields": {"user": 1, "jti": "f3a1421977a346c1928a19548c79aa22", "token": "eyJhbGciOiJIUzI1NiIsInR5cCI6IkpXVCJ9.eyJ0b2tlbl90eXBlIjoicmVmcmVzaCIsImV4cCI6MTc3Mjc2ODc0MywiaWF0IjoxNzcyMTYzOTQzLCJqdGkiOiJmM2ExNDIxOTc3YTM0NmMxOTI4YTE5NTQ4Yzc5YWEyMiIsInVzZXJfaWQiOiIxIn0.-a_-voJu8wEyX8f1FRo_Z6aBZ54eGOLdfu2YueUijK8", "created_at": "2026-02-27T03:45:43.950Z", "expires_at": "2026-03-06T03:45:43Z"}}, {"model": "token_blacklist.outstandingtoken", "pk": 78, "fields": {"user": 1, "jti": "22b2c596d9b14969bd0b9a3d7db6dee3", "token": "eyJhbGciOiJIUzI1NiIsInR5cCI6IkpXVCJ9.eyJ0b2tlbl90eXBlIjoicmVmcmVzaCIsImV4cCI6MTc3Mjc3MzIyNiwiaWF0IjoxNzcyMTY4NDI2LCJqdGkiOiIyMmIyYzU5NmQ5YjE0OTY5YmQwYjlhM2Q3ZGI2ZGVlMyIsInVzZXJfaWQiOiIxIn0.3CwBGiq7gjzDS3QCi5J0k2JH2QPTkOLJkOUl-nL2uEg", "created_at": "2026-02-27T05:00:26.259Z", "expires_at": "2026-03-06T05:00:26Z"}}, {"model": "token_blacklist.outstandingtoken", "pk": 79, "fields": {"user": 1, "jti": "56bc568855ed4b369f2baeddf3d806c3", "token": "eyJhbGciOiJIUzI1NiIsInR5cCI6IkpXVCJ9.eyJ0b2tlbl90eXBlIjoicmVmcmVzaCIsImV4cCI6MTc3Mjc3NDU2MiwiaWF0IjoxNzcyMTY5NzYyLCJqdGkiOiI1NmJjNTY4ODU1ZWQ0YjM2OWYyYmFlZGRmM2Q4MDZjMyIsInVzZXJfaWQiOiIxIn0.w15AaAV6SEoX_T8JrdSry8PdyC68ozsa6uC-llxPbNs", "created_at": "2026-02-27T05:22:42.676Z", "expires_at": "2026-03-06T05:22:42Z"}}, {"model": "token_blacklist.outstandingtoken", "pk": 80, "fields": {"user": 1, "jti": "81740449139846d0bcea4bf986b9a315", "token": "eyJhbGciOiJIUzI1NiIsInR5cCI6IkpXVCJ9.eyJ0b2tlbl90eXBlIjoicmVmcmVzaCIsImV4cCI6MTc3Mjg3NDAwMiwiaWF0IjoxNzcyMjY5MjAyLCJqdGkiOiI4MTc0MDQ0OTEzOTg0NmQwYmNlYTRiZjk4NmI5YTMxNSIsInVzZXJfaWQiOiIxIn0.gPEIpIp6Hz6ojT-5Lert27XVxBphXFqWPkWpa0UaqWg", "created_at": "2026-02-28T09:00:02.450Z", "expires_at": "2026-03-07T09:00:02Z"}}, {"model": "token_blacklist.outstandingtoken", "pk": 81, "fields": {"user": 1, "jti": "4423027b7fa245cc83046b8b730acf32", "token": "eyJhbGciOiJIUzI1NiIsInR5cCI6IkpXVCJ9.eyJ0b2tlbl90eXBlIjoicmVmcmVzaCIsImV4cCI6MTc3Mjg3NDE4OSwiaWF0IjoxNzcyMjY5Mzg5LCJqdGkiOiI0NDIzMDI3YjdmYTI0NWNjODMwNDZiOGI3MzBhY2YzMiIsInVzZXJfaWQiOiIxIn0.iowt3XVprSZp8o2AikL_eI2oFxaR4FEtY_Oa-U_j-bM", "created_at": "2026-02-28T09:03:09.877Z", "expires_at": "2026-03-07T09:03:09Z"}}, {"model": "token_blacklist.outstandingtoken", "pk": 82, "fields": {"user": 1, "jti": "1552facfacce45738e4b9f540c41a9da", "token": "eyJhbGciOiJIUzI1NiIsInR5cCI6IkpXVCJ9.eyJ0b2tlbl90eXBlIjoicmVmcmVzaCIsImV4cCI6MTc3Mjg3NDIxMiwiaWF0IjoxNzcyMjY5NDEyLCJqdGkiOiIxNTUyZmFjZmFjY2U0NTczOGU0YjlmNTQwYzQxYTlkYSIsInVzZXJfaWQiOiIxIn0.v2stjjOKvmnVFzEFDyVotpYGFqKKC_1t_ix0KL-eme4", "created_at": "2026-02-28T09:03:32.905Z", "expires_at": "2026-03-07T09:03:32Z"}}, {"model": "token_blacklist.outstandingtoken", "pk": 83, "fields": {"user": 1, "jti": "454fbb4f27344292b72b6eadeba3699a", "token": "eyJhbGciOiJIUzI1NiIsInR5cCI6IkpXVCJ9.eyJ0b2tlbl90eXBlIjoicmVmcmVzaCIsImV4cCI6MTc3Mjk4OTkyNSwiaWF0IjoxNzcyMzg1MTI1LCJqdGkiOiI0NTRmYmI0ZjI3MzQ0MjkyYjcyYjZlYWRlYmEzNjk5YSIsInVzZXJfaWQiOiIxIn0.aad4iArdg_H9L7UD4z4C4BgQw7vJJkEQDLHmKoVKUUc", "created_at": "2026-03-01T17:12:05.912Z", "expires_at": "2026-03-08T17:12:05Z"}}, {"model": "token_blacklist.outstandingtoken", "pk": 84, "fields": {"user": 1, "jti": "10a037159577460fae880b7fdbd98788", "token": "eyJhbGciOiJIUzI1NiIsInR5cCI6IkpXVCJ9.eyJ0b2tlbl90eXBlIjoicmVmcmVzaCIsImV4cCI6MTc3Mjk4OTk0OCwiaWF0IjoxNzcyMzg1MTQ4LCJqdGkiOiIxMGEwMzcxNTk1Nzc0NjBmYWU4ODBiN2ZkYmQ5ODc4OCIsInVzZXJfaWQiOiIxIn0.lK0HC4yMwtR7wb5T9B2vOh6b12YRWcDUhwJ-o6EnE1Y", "created_at": "2026-03-01T17:12:28.701Z", "expires_at": "2026-03-08T17:12:28Z"}}, {"model": "token_blacklist.outstandingtoken", "pk": 85, "fields": {"user": 1, "jti": "b440f8a200b24e6782bdf10536ae7ce0", "token": "eyJhbGciOiJIUzI1NiIsInR5cCI6IkpXVCJ9.eyJ0b2tlbl90eXBlIjoicmVmcmVzaCIsImV4cCI6MTc3MzA3NDIxNSwiaWF0IjoxNzcyNDY5NDE1LCJqdGkiOiJiNDQwZjhhMjAwYjI0ZTY3ODJiZGYxMDUzNmFlN2NlMCIsInVzZXJfaWQiOiIxIn0.HPu8l4Vh8ScWOM9AvWSv7YH5vT6nMu6OQ8mHjxuzamw", "created_at": "2026-03-02T16:36:55.106Z", "expires_at": "2026-03-09T16:36:55Z"}}, {"model": "token_blacklist.outstandingtoken", "pk": 86, "fields": {"user": 1, "jti": "6c5706c1c7d84973b7d7d934991767db", "token": "eyJhbGciOiJIUzI1NiIsInR5cCI6IkpXVCJ9.eyJ0b2tlbl90eXBlIjoicmVmcmVzaCIsImV4cCI6MTc3MzE1OTcyNiwiaWF0IjoxNzcyNTU0OTI2LCJqdGkiOiI2YzU3MDZjMWM3ZDg0OTczYjdkN2Q5MzQ5OTE3NjdkYiIsInVzZXJfaWQiOiIxIn0.LGssGGI5i8oqzRNshfugQV2jvxZ4QkYBkFNsWQBIwzY", "created_at": "2026-03-03T16:22:06.707Z", "expires_at": "2026-03-10T16:22:06Z"}}, {"model": "token_blacklist.outstandingtoken", "pk": 87, "fields": {"user": 1, "jti": "6161d6ddcaa74eb1b6e3baf7493b8b71", "token": "eyJhbGciOiJIUzI1NiIsInR5cCI6IkpXVCJ9.eyJ0b2tlbl90eXBlIjoicmVmcmVzaCIsImV4cCI6MTc3MzE2MTgwMywiaWF0IjoxNzcyNTU3MDAzLCJqdGkiOiI2MTYxZDZkZGNhYTc0ZWIxYjZlM2JhZjc0OTNiOGI3MSIsInVzZXJfaWQiOiIxIn0.s2aQTwCidh8PiQ77Y26jxSdET8bvgVxjbicvSwagHV0", "created_at": "2026-03-03T16:56:43.805Z", "expires_at": "2026-03-10T16:56:43Z"}}, {"model": "token_blacklist.outstandingtoken", "pk": 88, "fields": {"user": 1, "jti": "696222e631e84c838cc71ebb731d882c", "token": "eyJhbGciOiJIUzI1NiIsInR5cCI6IkpXVCJ9.eyJ0b2tlbl90eXBlIjoicmVmcmVzaCIsImV4cCI6MTc3MzE2ODYzOCwiaWF0IjoxNzcyNTYzODM4LCJqdGkiOiI2OTYyMjJlNjMxZTg0YzgzOGNjNzFlYmI3MzFkODgyYyIsInVzZXJfaWQiOiIxIn0.y3DUpVArfxpVe0t_Wccp-2_GpCZ2fWWbec6PQpG91ks", "created_at": "2026-03-03T18:50:38.734Z", "expires_at": "2026-03-10T18:50:38Z"}}, {"model": "token_blacklist.outstandingtoken", "pk": 89, "fields": {"user": 1, "jti": "da9c2da8349649bb847dca27aae20204", "token": "eyJhbGciOiJIUzI1NiIsInR5cCI6IkpXVCJ9.eyJ0b2tlbl90eXBlIjoicmVmcmVzaCIsImV4cCI6MTc3MzI0OTU1MSwiaWF0IjoxNzcyNjQ0NzUxLCJqdGkiOiJkYTljMmRhODM0OTY0OWJiODQ3ZGNhMjdhYWUyMDIwNCIsInVzZXJfaWQiOiIxIn0.CYLARCe0SjgM0QJsCyjzV9AXB9ZIVDWvSuKX8uq63Z8", "created_at": "2026-03-04T17:19:11.309Z", "expires_at": "2026-03-11T17:19:11Z"}}, {"model": "token_blacklist.blacklistedtoken", "pk": 1, "fields": {"token": 21, "blacklisted_at": "2026-02-07T17:39:17.432Z"}}, {"model": "MyShop.historicalprofile", "pk": 1, "fields": {"id": 1, "image": "Profile_Images/IMG_0740_copy_I54zNEK.jpg", "phone": "01738030153", "location": "Dhaka", "designation": "Programmer", "about": "I'm a Django developer. A Django developer is a software engineer who specializes in using the Django web framework to build robust, secure, and scalable web applications, primarily using the Python programming language. \r\nThe Django Framework\r\nDjango is a high-level, open-source Python web framework that encourages rapid development and clean, pragmatic design. It follows the Model-View-Template (MVT) architectural pattern and provides many built-in features, often referred to as a \"batteries-included\" approach.", "prouser": 1, "history_date": "2026-02-06T12:45:43.064Z", "history_change_reason": null, "history_type": "~", "history_user": 1}}, {"model": "MyShop.historicalprofile", "pk": 2, "fields": {"id": 1, "image": "Profile_Images/IMG_0740_copy_I54zNEK.jpg", "phone": "01738030153", "location": "Dhaka", "designation": "Programmer", "about": "I'm a Django developer. A Django developer is a software engineer who specializes in using the Django web framework to build robust, secure, and scalable web applications, primarily using the Python programming language. \r\nThe Django Framework\r\nDjango is a high-level, open-source Python web framework that encourages rapid development and clean, pragmatic design. It follows the Model-View-Template (MVT) architectural pattern and provides many built-in features, often referred to as a \"batteries-included\" approach.", "prouser": 1, "history_date": "2026-02-06T12:53:35.439Z", "history_change_reason": null, "history_type": "~", "history_user": 1}}, {"model": "MyShop.historicalprofile", "pk": 3, "fields": {"id": 1, "image": "Profile_Images/IMG_0740_copy_I54zNEK.jpg", "phone": "01738030153", "location": "Dhaka", "designation": "Programmer", "about": "I'm a Django developer. A Django developer is a software engineer who specializes in using the Django web framework to build robust, secure, and scalable web applications, primarily using the Python programming language. \r\nThe Django Framework\r\nDjango is a high-level, open-source Python web framework that encourages rapid development and clean, pragmatic design. It follows the Model-View-Template (MVT) architectural pattern and provides many built-in features, often referred to as a \"batteries-included\" approach.", "prouser": 1, "history_date": "2026-02-06T13:00:58.642Z", "history_change_reason": null, "history_type": "~", "history_user": 1}}, {"model": "MyShop.historicalprofile", "pk": 4, "fields": {"id": 1, "image": "Profile_Images/IMG_0740_copy_I54zNEK.jpg", "phone": "01738030153", "location": "Dhaka", "designation": "Programmer", "about": "I'm a Django developer. A Django developer is a software engineer who specializes in using the Django web framework to build robust, secure, and scalable web applications, primarily using the Python programming language. \r\nThe Django Framework\r\nDjango is a high-level, open-source Python web framework that encourages rapid development and clean, pragmatic design. It follows the Model-View-Template (MVT) architectural pattern and provides many built-in features, often referred to as a \"batteries-included\" approach.", "prouser": 1, "history_date": "2026-02-06T13:03:23.166Z", "history_change_reason": null, "history_type": "~", "history_user": 1}}, {"model": "MyShop.historicalprofile", "pk": 5, "fields": {"id": 1, "image": "Profile_Images/IMG_0740_copy_I54zNEK.jpg", "phone": "01738030153", "location": "Dhaka", "designation": "Programmer", "about": "I'm a Django developer. A Django developer is a software engineer who specializes in using the Django web framework to build robust, secure, and scalable web applications, primarily using the Python programming language. \r\nThe Django Framework\r\nDjango is a high-level, open-source Python web framework that encourages rapid development and clean, pragmatic design. It follows the Model-View-Template (MVT) architectural pattern and provides many built-in features, often referred to as a \"batteries-included\" approach.", "prouser": 1, "history_date": "2026-02-06T13:05:55.284Z", "history_change_reason": null, "history_type": "~", "history_user": 1}}, {"model": "MyShop.historicalprofile", "pk": 6, "fields": {"id": 9, "image": "", "phone": "", "location": "", "designation": "", "about": "", "prouser": 10, "history_date": "2026-02-07T05:29:06.536Z", "history_change_reason": null, "history_type": "-", "history_user": 1}}, {"model": "MyShop.historicalprofile", "pk": 7, "fields": {"id": 4, "image": "Profile_Images/615053659_2414534712329846_3485716544465519384_n.jpg", "phone": "01738030153", "location": "Dhaka", "designation": "Programmer", "about": "", "prouser": 5, "history_date": "2026-02-16T18:31:28.180Z", "history_change_reason": null, "history_type": "~", "history_user": 5}}, {"model": "MyShop.profile", "pk": 1, "fields": {"prouser": 1, "image": "Profile_Images/IMG_0740_copy_I54zNEK.jpg", "phone": "01738030153", "location": "Dhaka", "designation": "Programmer", "about": "I'm a Django developer. A Django developer is a software engineer who specializes in using the Django web framework to build robust, secure, and scalable web applications, primarily using the Python programming language. \r\nThe Django Framework\r\nDjango is a high-level, open-source Python web framework that encourages rapid development and clean, pragmatic design. It follows the Model-View-Template (MVT) architectural pattern and provides many built-in features, often referred to as a \"batteries-included\" approach."}}, {"model": "MyShop.profile", "pk": 2, "fields": {"prouser": 2, "image": "Profile_Images/DSC08199.JPG", "phone": "01", "location": "Manikgonj", "designation": "Designation", "about": "dda"}}, {"model": "MyShop.profile", "pk": 3, "fields": {"prouser": 4, "image": "Profile_Images/DSC08320.JPG", "phone": "0000", "location": "Manikgonj", "designation": "Dauther", "about": "my Dauther"}}, {"model": "MyShop.profile", "pk": 4, "fields": {"prouser": 5, "image": "Profile_Images/615053659_2414534712329846_3485716544465519384_n.jpg", "phone": "01738030153", "location": "Dhaka", "designation": "Programmer", "about": ""}}, {"model": "MyShop.profile", "pk": 5, "fields": {"prouser": 6, "image": "Profile_Images/DSC08332.JPG", "phone": "01738030153", "location": "Manikgonj", "designation": "Registrar", "about": ""}}, {"model": "MyShop.profile", "pk": 7, "fields": {"prouser": 8, "image": "", "phone": "", "location": "", "designation": "", "about": ""}}, {"model": "MyShop.profile", "pk": 8, "fields": {"prouser": 9, "image": "", "phone": "", "location": "", "designation": "", "about": ""}}, {"model": "MyShop.profile", "pk": 10, "fields": {"prouser": 11, "image": "", "phone": "", "location": "", "designation": "", "about": ""}}, {"model": "MyShop.profile", "pk": 11, "fields": {"prouser": 12, "image": "", "phone": "", "location": "", "designation": "", "about": ""}}, {"model": "MyShop.profile", "pk": 12, "fields": {"prouser": 13, "image": "", "phone": "", "location": "", "designation": "", "about": ""}}, {"model": "MyShop.category", "pk": 1, "fields": {"CategoryTitle": "Electronics", "date": "2025-12-14"}}, {"model": "MyShop.category", "pk": 2, "fields": {"CategoryTitle": "Mobile", "date": "2025-12-14"}}, {"model": "MyShop.category", "pk": 3, "fields": {"CategoryTitle": "Cosmetics", "date": "2025-12-14"}}, {"model": "MyShop.products", "pk": 1, "fields": {"ProductTitle": "Samsung Galaxy", "date": "2025-12-14", "Category": 2, "ProductImage": "Product_Image/download.jfif", "MarketPrice": 5000, "SellingPrice": 7000, "Description": "Galaxy AI is here\r\n\r\nSimple. Impactful\r\nSimple. Impactful\r\n\r\nThe most powerful processor\r\nThe most powerful processor\r\n\r\nAll new One UI 7, built for AI\r\nAll new One UI 7, built for AI"}}, {"model": "MyShop.products", "pk": 2, "fields": {"ProductTitle": "iPhone 16", "date": "2025-12-14", "Category": 2, "ProductImage": "Product_Image/download_rAD5nvL.jfif", "MarketPrice": 10000, "SellingPrice": 12000, "Description": "ProductImage = models. ImageField\r\n(upload_to= \"Product_Image/\", \r\nheight_field=300, \r\nwidth_field=300,  max_length=None)"}}, {"model": "MyShop.products", "pk": 3, "fields": {"ProductTitle": "Samsung Galaxy 44", "date": "2025-12-15", "Category": 1, "ProductImage": "Product_Image/images.jfif", "MarketPrice": 522, "SellingPrice": 550, "Description": "A cell phone is a portable electronic device used for communication through voice calls, text messages, and internet access. It incorporates various technologies, such as computing, programming, and the internet, to enable wireless communication and access to a wide range of applications and services."}}, {"model": "MyShop.products", "pk": 4, "fields": {"ProductTitle": "Vivo Phone", "date": "2025-12-15", "Category": 1, "ProductImage": "Product_Image/download_L9rpzBZ.jfif", "MarketPrice": 5000, "SellingPrice": 5000, "Description": "A cell phone is a portable electronic device used for communication through voice calls, text messages, and internet access. It incorporates various technologies, such as computing, programming, and the internet, to enable wireless communication and access to a wide range of applications and services."}}, {"model": "MyShop.products", "pk": 5, "fields": {"ProductTitle": "iPhone 16 Pro", "date": "2025-12-15", "Category": 1, "ProductImage": "Product_Image/images_O5MPPJS.jfif", "MarketPrice": 425, "SellingPrice": 500, "Description": "A cell phone is a portable electronic device used for communication through voice calls, text messages, and internet access. It incorporates various technologies, such as computing, programming, and the internet, to enable wireless communication and access to a wide range of applications and services."}}, {"model": "MyShop.products", "pk": 6, "fields": {"ProductTitle": "Samsung Galaxy", "date": "2025-12-15", "Category": 1, "ProductImage": "Product_Image/download_1.jfif", "MarketPrice": 555, "SellingPrice": 700, "Description": "A cell phone is a portable electronic device used for communication through voice calls, text messages, and internet access. It incorporates various technologies, such as computing, programming, and the internet, to enable wireless communication and access to a wide range of applications and services."}}, {"model": "MyShop.products", "pk": 7, "fields": {"ProductTitle": "Samsung Galaxy 1", "date": "2025-12-16", "Category": 1, "ProductImage": "Product_Image/images_iCvJnDR.jfif", "MarketPrice": 5545, "SellingPrice": 554, "Description": "A mobile phone or cell phone is a portable wireless telephone that allows users to make and receive calls over a radio frequency link while moving within a designated telephone service area, unlike fixed-location phones (landline phones)."}}, {"model": "MyShop.products", "pk": 8, "fields": {"ProductTitle": "Samsung Galaxy 2", "date": "2025-12-16", "Category": 1, "ProductImage": "Product_Image/images_OXfoern.jfif", "MarketPrice": 5555, "SellingPrice": 2555, "Description": "A mobile phone or cell phone is a portable wireless telephone that allows users to make and receive calls over a radio frequency link while moving within a designated telephone service area, unlike fixed-location phones (landline phones)."}}, {"model": "MyShop.products", "pk": 9, "fields": {"ProductTitle": "iPhone 16 5", "date": "2025-12-16", "Category": 2, "ProductImage": "Product_Image/images_QGQHyTD.jfif", "MarketPrice": 55545, "SellingPrice": 5555, "Description": "A mobile phone or cell phone is a portable wireless telephone that allows users to make and receive calls over a radio frequency link while moving within a designated telephone service area, unlike fixed-location phones (landline phones)."}}, {"model": "MyShop.products", "pk": 10, "fields": {"ProductTitle": "Samsung Galaxy 49", "date": "2025-12-16", "Category": 1, "ProductImage": "Product_Image/download_1_llpiKhH.jfif", "MarketPrice": 5565, "SellingPrice": 5544, "Description": "A mobile phone or cell phone is a portable wireless telephone that allows users to make and receive calls over a radio frequency link while moving within a designated telephone service area, unlike fixed-location phones (landline phones)."}}, {"model": "MyShop.products", "pk": 11, "fields": {"ProductTitle": "iPhone 16 Pro", "date": "2025-12-16", "Category": 2, "ProductImage": "Product_Image/images_iyMJfpc.jfif", "MarketPrice": 1500, "SellingPrice": 5545, "Description": "A mobile phone or cell phone is a portable wireless telephone that allows users to make and receive calls over a radio frequency link while moving within a designated telephone service area, unlike fixed-location phones (landline phones)."}}, {"model": "MyShop.products", "pk": 12, "fields": {"ProductTitle": "Nail polish", "date": "2026-01-02", "Category": 3, "ProductImage": "Product_Image/download_cXPHelU.jfif", "MarketPrice": 200, "SellingPrice": 190, "Description": "is a cosmetic coating applied to fingernails or toenails for decoration and protection, made from a blend of organic polymers, colorants, and other ingredients that create various colors and textures, serving as a popular element in manicures and pedicures for personal expression and style"}}, {"model": "MyShop.products", "pk": 13, "fields": {"ProductTitle": "Eye Lanar", "date": "2026-01-02", "Category": 3, "ProductImage": "Product_Image/download_3.jfif", "MarketPrice": 190, "SellingPrice": 180, "Description": "is a cosmetic coating applied to fingernails or toenails for decoration and protection, made from a blend of organic polymers, colorants, and other ingredients that create various colors and textures, serving as a popular element in manicures and pedicures for personal expression and style"}}, {"model": "MyShop.products", "pk": 14, "fields": {"ProductTitle": "Make Up", "date": "2026-01-02", "Category": 3, "ProductImage": "Product_Image/download_1_N3fLHhN.jfif", "MarketPrice": 350, "SellingPrice": 300, "Description": "is a cosmetic coating applied to fingernails or toenails for decoration and protection, made from a blend of organic polymers, colorants, and other ingredients that create various colors and textures, serving as a popular element in manicures and pedicures for personal expression and style"}}, {"model": "MyShop.products", "pk": 15, "fields": {"ProductTitle": "iPhone 16 df", "date": "2026-01-03", "Category": 1, "ProductImage": "Product_Image/download_2.jfif", "MarketPrice": 200, "SellingPrice": 222, "Description": "prouser afaf afaga acafafga afa f aafa fxnjkfna afasofnasdfasf"}}, {"model": "MyShop.products", "pk": 16, "fields": {"ProductTitle": "Samsung Galaxy MX", "date": "2026-01-03", "Category": 1, "ProductImage": "Product_Image/download_2_X3ZuigR.jfif", "MarketPrice": 2000, "SellingPrice": 22, "Description": "prouser afaf afaga acafafga afa f aafa fxnjkfna afasofnasdfasf"}}, {"model": "MyShop.products", "pk": 17, "fields": {"ProductTitle": "TV", "date": "2026-01-03", "Category": 1, "ProductImage": "Product_Image/download_2_YBmnebk.jfif", "MarketPrice": 200, "SellingPrice": 200, "Description": "prouser afaf afaga acafafga afa f aafa fxnjkfna afasofnasdfasf"}}, {"model": "MyShop.cart", "pk": 1, "fields": {"customer": 1, "total": 22, "complit": false, "date": "2025-12-15"}}, {"model": "MyShop.cart", "pk": 2, "fields": {"customer": 1, "total": 555, "complit": true, "date": "2025-12-16"}}, {"model": "MyShop.cartproduct", "pk": 1, "fields": {"cart": 1, "Price": 555, "Quantity": 1, "SubTotal": 555, "Products": [2]}}, {"model": "MyShop.cartproduct", "pk": 2, "fields": {"cart": 2, "Price": 55, "Quantity": 55, "SubTotal": 55, "Products": [2]}}, {"model": "MyShop.order", "pk": 1, "fields": {"cart": 1, "address": "BNMC, 203, Shaheed Syed Nazrul Islam Sarani", "mobile": "01738030153", "email": "n.s.murad123@gmail.com", "total": 555, "discount": 0, "order_status": "Order Received", "date": "2025-12-15", "payment": false}}, {"model": "MyShop.order", "pk": 2, "fields": {"cart": 2, "address": "BNMC, 203, Shaheed Syed Nazrul Islam Sarani", "mobile": "01738030153", "email": "n.s.murad123@gmail.com", "total": 1000, "discount": 100, "order_status": "Order Completed", "date": "2025-12-16", "payment": true}}, {"model": "MyShop.historicalreligion", "pk": 1, "fields": {"id": 6, "name": "Test", "history_date": "2026-02-21T09:48:34.697Z", "history_change_reason": null, "history_type": "+", "history_user": 1}}, {"model": "MyShop.historicalreligion", "pk": 2, "fields": {"id": 6, "name": "Test", "history_date": "2026-02-21T09:48:49.122Z", "history_change_reason": null, "history_type": "~", "history_user": 1}}, {"model": "MyShop.historicalreligion", "pk": 3, "fields": {"id": 6, "name": "Test", "history_date": "2026-02-21T09:48:57.821Z", "history_change_reason": null, "history_type": "-", "history_user": 1}}, {"model": "MyShop.historicalreligion", "pk": 4, "fields": {"id": 7, "name": "Test 2", "history_date": "2026-02-21T09:49:20.660Z", "history_change_reason": null, "history_type": "+", "history_user": 1}}, {"model": "MyShop.historicalreligion", "pk": 5, "fields": {"id": 7, "name": "Test 2 3", "history_date": "2026-02-21T09:49:29.422Z", "history_change_reason": null, "history_type": "~", "history_user": 1}}, {"model": "MyShop.historicalreligion", "pk": 6, "fields": {"id": 7, "name": "Test 2 3", "history_date": "2026-02-21T09:49:34.893Z", "history_change_reason": null, "history_type": "-", "history_user": 1}}, {"model": "MyShop.religion", "pk": 1, "fields": {"name": "Islam"}}, {"model": "MyShop.religion", "pk": 2, "fields": {"name": "Hindu"}}, {"model": "MyShop.religion", "pk": 3, "fields": {"name": "Christan"}}, {"model": "MyShop.religion", "pk": 4, "fields": {"name": "Buddist"}}, {"model": "MyShop.religion", "pk": 5, "fields": {"name": "Others"}}, {"model": "MyShop.historicalstudentpersonal", "pk": 1, "fields": {"id": 10, "photo": "uploads/rsz_whatsapp_image_2026-01-26_at_100029_am.jpg", "first_name": "Rahima ক্ক", "last_name": "Khatun", "fathers_name": "Rafiqul Islam", "mothers_name": "Merina Parvin", "email": "rahima@gmail.com", "mobile": "01738030153", "gender": "f", "date_of_birth": "2026-01-24", "birth_id": "5225545554", "guardian_name": "Jahirul Islam", "guardian_mobile": 1511665414, "active": true, "religion": 1, "history_date": "2026-02-05T15:36:02.611Z", "history_change_reason": null, "history_type": "~", "history_user": null}}, {"model": "MyShop.historicalstudentpersonal", "pk": 2, "fields": {"id": 10, "photo": "uploads/rsz_whatsapp_image_2026-01-26_at_100029_am.jpg", "first_name": "Rahima", "last_name": "Khatun", "fathers_name": "Rafiqul Islam", "mothers_name": "Merina Parvin", "email": "rahima@gmail.com", "mobile": "01738030153", "gender": "f", "date_of_birth": "2026-01-24", "birth_id": "5225545554", "guardian_name": "Jahirul Islam", "guardian_mobile": 1511665414, "active": true, "religion": 1, "history_date": "2026-02-05T15:36:46.736Z", "history_change_reason": null, "history_type": "~", "history_user": null}}, {"model": "MyShop.historicalstudentpersonal", "pk": 3, "fields": {"id": 10, "photo": "uploads/rsz_whatsapp_image_2026-01-26_at_100029_am.jpg", "first_name": "Rahima mm", "last_name": "Khatun", "fathers_name": "Rafiqul Islam", "mothers_name": "Merina Parvin", "email": "rahima@gmail.com", "mobile": "01738030153", "gender": "f", "date_of_birth": "2026-01-24", "birth_id": "5225545554", "guardian_name": "Jahirul Islam", "guardian_mobile": 1511665414, "active": true, "religion": 1, "history_date": "2026-02-05T15:37:29.488Z", "history_change_reason": null, "history_type": "~", "history_user": 1}}, {"model": "MyShop.historicalstudentpersonal", "pk": 4, "fields": {"id": 10, "photo": "uploads/rsz_whatsapp_image_2026-01-26_at_100029_am.jpg", "first_name": "Rahima", "last_name": "Khatun", "fathers_name": "Rafiqul Islam", "mothers_name": "Merina Parvin", "email": "rahima@gmail.com", "mobile": "01738030153", "gender": "f", "date_of_birth": "2026-01-24", "birth_id": "5225545554", "guardian_name": "Jahirul Islam", "guardian_mobile": 1511665414, "active": true, "religion": 1, "history_date": "2026-02-05T15:44:15.287Z", "history_change_reason": null, "history_type": "~", "history_user": null}}, {"model": "MyShop.historicalstudentpersonal", "pk": 5, "fields": {"id": 10, "photo": "uploads/rsz_whatsapp_image_2026-01-26_at_100029_am.jpg", "first_name": "Rahima kk", "last_name": "Khatun", "fathers_name": "Rafiqul Islam", "mothers_name": "Merina Parvin", "email": "rahima@gmail.com", "mobile": "01738030153", "gender": "f", "date_of_birth": "2026-01-24", "birth_id": "5225545554", "guardian_name": "Jahirul Islam", "guardian_mobile": 1511665414, "active": true, "religion": 1, "history_date": "2026-02-05T17:13:59.856Z", "history_change_reason": null, "history_type": "~", "history_user": null}}, {"model": "MyShop.historicalstudentpersonal", "pk": 6, "fields": {"id": 10, "photo": "uploads/rsz_whatsapp_image_2026-01-26_at_100029_am.jpg", "first_name": "Rahima", "last_name": "Khatun", "fathers_name": "Rafiqul Islam", "mothers_name": "Merina Parvin", "email": "rahima@gmail.com", "mobile": "01738030153", "gender": "f", "date_of_birth": "2026-01-24", "birth_id": "5225545554", "guardian_name": "Jahirul Islam", "guardian_mobile": 1511665414, "active": true, "religion": 1, "history_date": "2026-02-05T17:34:57.901Z", "history_change_reason": null, "history_type": "~", "history_user": null}}, {"model": "MyShop.historicalstudentpersonal", "pk": 7, "fields": {"id": 4, "photo": "uploads/rsz_lamiya.jpg", "first_name": "Mst sdf", "last_name": "Lamiya", "fathers_name": "Liton Miah", "mothers_name": "Mita Parvin", "email": "info@bnmc.gov.bd", "mobile": "01511665414", "gender": "f", "date_of_birth": "2000-01-21", "birth_id": "545555544", "guardian_name": "Liton Miah", "guardian_mobile": 21554555, "active": true, "religion": 1, "history_date": "2026-02-05T18:01:50.981Z", "history_change_reason": null, "history_type": "~", "history_user": 1}}, {"model": "MyShop.historicalstudentpersonal", "pk": 8, "fields": {"id": 10, "photo": "uploads/rsz_whatsapp_image_2026-01-26_at_100029_am.jpg", "first_name": "Rahima afafaf", "last_name": "Khatun", "fathers_name": "Rafiqul Islam", "mothers_name": "Merina Parvin", "email": "rahima@gmail.com", "mobile": "01738030153", "gender": "f", "date_of_birth": "2026-01-24", "birth_id": "5225545554", "guardian_name": "Jahirul Islam", "guardian_mobile": 1511665414, "active": true, "religion": 1, "history_date": "2026-02-05T18:02:39.673Z", "history_change_reason": null, "history_type": "~", "history_user": 1}}, {"model": "MyShop.historicalstudentpersonal", "pk": 9, "fields": {"id": 10, "photo": "uploads/rsz_whatsapp_image_2026-01-26_at_100029_am.jpg", "first_name": "Rahima afafaf", "last_name": "Khatun afaf", "fathers_name": "Rafiqul Islam", "mothers_name": "Merina Parvin", "email": "rahima@x.com", "mobile": "017380305234", "gender": "m", "date_of_birth": "2026-01-24", "birth_id": "5225545554", "guardian_name": "Jahirul Islam", "guardian_mobile": 1511665414, "active": false, "religion": 1, "history_date": "2026-02-05T18:04:29.629Z", "history_change_reason": null, "history_type": "~", "history_user": 1}}, {"model": "MyShop.historicalstudentpersonal", "pk": 10, "fields": {"id": 10, "photo": "uploads/rsz_whatsapp_image_2026-01-26_at_100029_am.jpg", "first_name": "Rahima", "last_name": "Khatun", "fathers_name": "Rafiqul Islam", "mothers_name": "Merina Parvin", "email": "rahima@x.com", "mobile": "017380305234", "gender": "m", "date_of_birth": "2026-01-24", "birth_id": "5225545554", "guardian_name": "Jahirul Islam", "guardian_mobile": 1511665414, "active": true, "religion": 1, "history_date": "2026-02-05T18:05:26.389Z", "history_change_reason": null, "history_type": "~", "history_user": 1}}, {"model": "MyShop.historicalstudentpersonal", "pk": 11, "fields": {"id": 4, "photo": "uploads/rsz_lamiya.jpg", "first_name": "Mst", "last_name": "Lamiya", "fathers_name": "Liton Miah", "mothers_name": "Mita Parvin", "email": "info@bnmc.gov.bd", "mobile": "01511665414", "gender": "f", "date_of_birth": "2000-01-21", "birth_id": "545555544", "guardian_name": "Liton Miah", "guardian_mobile": 21554555, "active": true, "religion": 1, "history_date": "2026-02-06T12:36:53.229Z", "history_change_reason": null, "history_type": "~", "history_user": 1}}, {"model": "MyShop.historicalstudentpersonal", "pk": 12, "fields": {"id": 10, "photo": "uploads/rsz_whatsapp_image_2026-01-26_at_100029_am.jpg", "first_name": "Rahima Khatun", "last_name": "রহিমা খাতুন", "fathers_name": "Rafiqul Islam", "mothers_name": "Merina Parvin", "email": "rahima@x.com", "mobile": "017380305234", "gender": "m", "date_of_birth": "2026-01-24", "birth_id": "5225545554", "guardian_name": "Jahirul Islam", "guardian_mobile": 1511665414, "active": true, "religion": 1, "history_date": "2026-02-07T07:41:27.694Z", "history_change_reason": null, "history_type": "~", "history_user": 1}}, {"model": "MyShop.historicalstudentpersonal", "pk": 13, "fields": {"id": 9, "photo": "uploads/DSC08209.JPG", "first_name": "Murad Shikder", "last_name": "মুরাদ শিকদার", "fathers_name": "Rafiqul Islam", "mothers_name": "Merina Parvin", "email": "murad.shikder@live.com", "mobile": "01738030153", "gender": "m", "date_of_birth": "2026-01-24", "birth_id": "2554545885", "guardian_name": "Jahirul Islam", "guardian_mobile": 1738030153, "active": true, "religion": 1, "history_date": "2026-02-07T08:02:02.371Z", "history_change_reason": null, "history_type": "~", "history_user": 1}}, {"model": "MyShop.historicalstudentpersonal", "pk": 14, "fields": {"id": 10, "photo": "uploads/rsz_whatsapp_image_2026-01-26_at_100029_am.jpg", "first_name": "Rahima Khatun", "last_name": "রহিমা খাতুন", "fathers_name": "Rafiqul Islam", "mothers_name": "Merina Parvin", "email": "rahima@x.com", "mobile": "017380305234", "gender": "f", "date_of_birth": "2026-01-24", "birth_id": "5225545554", "guardian_name": "Jahirul Islam", "guardian_mobile": 1511665414, "active": true, "religion": 1, "history_date": "2026-02-08T18:10:35.988Z", "history_change_reason": null, "history_type": "~", "history_user": 1}}, {"model": "MyShop.historicalstudentpersonal", "pk": 15, "fields": {"id": 11, "photo": "uploads/IMG_0583.JPG", "first_name": "Rafikul Islam", "last_name": "রফিকুল ইসলাম", "fathers_name": "Jahir Uddin Shikder", "mothers_name": "Josimunnessa", "email": "rafikul@gmail.com", "mobile": "01735212554", "gender": "m", "date_of_birth": "1965-02-05", "birth_id": "5212225455", "guardian_name": "Murad", "guardian_mobile": 1738030153, "active": true, "religion": 1, "history_date": "2026-02-08T18:36:34.170Z", "history_change_reason": null, "history_type": "+", "history_user": 1}}, {"model": "MyShop.historicalstudentpersonal", "pk": 16, "fields": {"id": 8, "photo": "uploads/DSC08184.JPG", "first_name": "Tamanna Afrin", "last_name": "তামান্না আফরিন", "fathers_name": "Jahirul Islam", "mothers_name": "Achi Begom", "email": "info@bnmc.gov.bd", "mobile": "01511665414", "gender": "m", "date_of_birth": "2026-01-14", "birth_id": "55455855", "guardian_name": "Jahirul Islam", "guardian_mobile": 1738030153, "active": true, "religion": 1, "history_date": "2026-02-18T17:27:44.701Z", "history_change_reason": null, "history_type": "~", "history_user": 1}}, {"model": "MyShop.historicalstudentpersonal", "pk": 17, "fields": {"id": 3, "photo": "uploads/img20210811_10195524.jpg", "first_name": "Mahbuba", "last_name": "Suchi", "fathers_name": "Shaheen Mia", "mothers_name": "Simi", "email": "Shamnahar229@gmail.com", "mobile": "0254558845", "gender": "f", "date_of_birth": "2002-01-21", "birth_id": "55455855", "guardian_name": "Shaheen", "guardian_mobile": 2215548, "active": true, "religion": 1, "history_date": "2026-02-18T18:01:51.033Z", "history_change_reason": null, "history_type": "~", "history_user": 5}}, {"model": "MyShop.historicalstudentpersonal", "pk": 18, "fields": {"id": 12, "photo": "uploads/DSC08221_TtfS17M.JPG", "first_name": "Batpar Anas", "last_name": "আনাস বাটপার", "fathers_name": "Jahirul Islam", "mothers_name": "Achia Begom", "email": "batpar@gmail.com", "mobile": "0125555888", "gender": "m", "date_of_birth": "2026-02-21", "birth_id": "22555455", "guardian_name": "Jahirul Islam", "guardian_mobile": 2125555, "active": true, "religion": 1, "history_date": "2026-02-21T10:09:56.363Z", "history_change_reason": null, "history_type": "+", "history_user": 1}}, {"model": "MyShop.historicalstudentpersonal", "pk": 19, "fields": {"id": 13, "photo": "uploads/WhatsApp_Image_2026-02-22_at_11.50.59_AM.jpeg", "first_name": "Md.", "last_name": "Shikder", "fathers_name": "Rafiqul Islam", "mothers_name": "Merina Parvin", "email": "n.s.murad123@gmail.com", "mobile": "01738030153", "gender": "f", "date_of_birth": "2026-02-23", "birth_id": "55455855", "guardian_name": "Jahirul Islam", "guardian_mobile": 1738030153, "active": true, "religion": 1, "history_date": "2026-02-23T08:20:32.205Z", "history_change_reason": null, "history_type": "+", "history_user": 1}}, {"model": "MyShop.historicalstudentpersonal", "pk": 20, "fields": {"id": 13, "photo": "uploads/WhatsApp_Image_2026-02-22_at_11.50.59_AM.jpeg", "first_name": "Md.", "last_name": "Shikder", "fathers_name": "Rafiqul Islam", "mothers_name": "Merina Parvin", "email": "n.s.murad123@gmail.com", "mobile": "01738030153", "gender": "f", "date_of_birth": "2026-02-23", "birth_id": "55455855", "guardian_name": "Jahirul Islam", "guardian_mobile": 1738030153, "active": true, "religion": 1, "history_date": "2026-02-26T17:26:22.219Z", "history_change_reason": null, "history_type": "~", "history_user": 1}}, {"model": "MyShop.historicalstudentpersonal", "pk": 21, "fields": {"id": 2, "photo": "uploads/murad_300.jpg", "first_name": "Md. Murad Shikder", "last_name": "মুরাদ শিকদার", "fathers_name": "Rafiqul Islam", "mothers_name": "Merina Parvin", "email": "n.s.murad123@gmail.com", "mobile": "1738030153", "gender": "m", "date_of_birth": "2026-01-10", "birth_id": "12335445", "guardian_name": "Jahirul Islam", "guardian_mobile": 1738030153, "active": true, "religion": 1, "history_date": "2026-02-27T04:25:34.327Z", "history_change_reason": null, "history_type": "~", "history_user": 1}}, {"model": "MyShop.historicalstudentpersonal", "pk": 22, "fields": {"id": 4, "photo": "uploads/rsz_lamiya.jpg", "first_name": "Mst Lamiya", "last_name": "মোছাঃ লামিয়া", "fathers_name": "Liton Miah", "mothers_name": "Mita Parvin", "email": "info@bnmc.gov.bd", "mobile": "01511665414", "gender": "f", "date_of_birth": "2000-01-21", "birth_id": "545555544", "guardian_name": "Liton Miah", "guardian_mobile": 21554555, "active": true, "religion": 1, "history_date": "2026-03-04T17:46:01.240Z", "history_change_reason": null, "history_type": "~", "history_user": 1}}, {"model": "MyShop.historicalstudentpersonal", "pk": 23, "fields": {"id": 13, "photo": "uploads/WhatsApp_Image_2026-02-22_at_11.50.59_AM.jpeg", "first_name": "Rafiya Khatun", "last_name": "রাফিয়া খাতুন", "fathers_name": "Rafiqul Islam", "mothers_name": "Merina Parvin", "email": "n.s.murad123@gmail.com", "mobile": "01738030153", "gender": "f", "date_of_birth": "2026-02-23", "birth_id": "55455855", "guardian_name": "Jahirul Islam", "guardian_mobile": 1738030153, "active": true, "religion": 1, "history_date": "2026-03-04T19:41:23.080Z", "history_change_reason": null, "history_type": "~", "history_user": 1}}, {"model": "MyShop.studentpersonal", "pk": 1, "fields": {"photo": "uploads/DSC08199.JPG", "first_name": "Md Anas", "last_name": "Alif", "fathers_name": "Jahirul Islam", "mothers_name": "Achi Begom", "email": "anas@gmail.com", "mobile": "1738030153", "gender": "m", "religion": 1, "date_of_birth": "1996-01-10", "birth_id": "12335445", "guardian_name": "Jahirul Islam", "guardian_mobile": 2155555, "active": true}}, {"model": "MyShop.studentpersonal", "pk": 2, "fields": {"photo": "uploads/murad_300.jpg", "first_name": "Md. Murad Shikder", "last_name": "মুরাদ শিকদার", "fathers_name": "Rafiqul Islam", "mothers_name": "Merina Parvin", "email": "n.s.murad123@gmail.com", "mobile": "1738030153", "gender": "m", "religion": 1, "date_of_birth": "2026-01-10", "birth_id": "12335445", "guardian_name": "Jahirul Islam", "guardian_mobile": 1738030153, "active": true}}, {"model": "MyShop.studentpersonal", "pk": 3, "fields": {"photo": "uploads/img20210811_10195524.jpg", "first_name": "Mahbuba", "last_name": "Suchi", "fathers_name": "Shaheen Mia", "mothers_name": "Simi", "email": "Shamnahar229@gmail.com", "mobile": "0254558845", "gender": "f", "religion": 1, "date_of_birth": "2002-01-21", "birth_id": "55455855", "guardian_name": "Shaheen", "guardian_mobile": 2215548, "active": true}}, {"model": "MyShop.studentpersonal", "pk": 4, "fields": {"photo": "uploads/rsz_lamiya.jpg", "first_name": "Mst Lamiya", "last_name": "মোছাঃ লামিয়া", "fathers_name": "Liton Miah", "mothers_name": "Mita Parvin", "email": "info@bnmc.gov.bd", "mobile": "01511665414", "gender": "f", "religion": 1, "date_of_birth": "2000-01-21", "birth_id": "545555544", "guardian_name": "Liton Miah", "guardian_mobile": 21554555, "active": true}}, {"model": "MyShop.studentpersonal", "pk": 5, "fields": {"photo": "uploads/615053659_2414534712329846_3485716544465519384_n.jpg", "first_name": "Anas", "last_name": "Alif", "fathers_name": "Jahirul Islam", "mothers_name": "Achia Begom", "email": "anas@gmail.com", "mobile": "01554521155", "gender": "m", "religion": 1, "date_of_birth": "2026-01-06", "birth_id": "6555822", "guardian_name": "Jahirul Islam", "guardian_mobile": 2112554454, "active": true}}, {"model": "MyShop.studentpersonal", "pk": 6, "fields": {"photo": "uploads/DSC08266.JPG", "first_name": "Noor", "last_name": "Moni", "fathers_name": "Murad Shikder", "mothers_name": "Afrin Jui", "email": "noor@gmail.com", "mobile": "0125555888", "gender": "f", "religion": 1, "date_of_birth": "2026-01-23", "birth_id": "55554554", "guardian_name": "Murad", "guardian_mobile": 12457855, "active": true}}, {"model": "MyShop.studentpersonal", "pk": 7, "fields": {"photo": "uploads/DSC08208.JPG", "first_name": "Moni", "last_name": "Noor", "fathers_name": "Murad", "mothers_name": "Jui", "email": "noor@gmail.com", "mobile": "0112555", "gender": "f", "religion": 1, "date_of_birth": "2025-12-29", "birth_id": "12255555", "guardian_name": "Murad", "guardian_mobile": 1222112, "active": true}}, {"model": "MyShop.studentpersonal", "pk": 8, "fields": {"photo": "uploads/DSC08184.JPG", "first_name": "Tamanna Afrin", "last_name": "তামান্না আফরিন", "fathers_name": "Jahirul Islam", "mothers_name": "Achi Begom", "email": "info@bnmc.gov.bd", "mobile": "01511665414", "gender": "m", "religion": 1, "date_of_birth": "2026-01-14", "birth_id": "55455855", "guardian_name": "Jahirul Islam", "guardian_mobile": 1738030153, "active": true}}, {"model": "MyShop.studentpersonal", "pk": 9, "fields": {"photo": "uploads/DSC08209.JPG", "first_name": "Murad Shikder", "last_name": "মুরাদ শিকদার", "fathers_name": "Rafiqul Islam", "mothers_name": "Merina Parvin", "email": "murad.shikder@live.com", "mobile": "01738030153", "gender": "m", "religion": 1, "date_of_birth": "2026-01-24", "birth_id": "2554545885", "guardian_name": "Jahirul Islam", "guardian_mobile": 1738030153, "active": true}}, {"model": "MyShop.studentpersonal", "pk": 10, "fields": {"photo": "uploads/rsz_whatsapp_image_2026-01-26_at_100029_am.jpg", "first_name": "Rahima Khatun", "last_name": "রহিমা খাতুন", "fathers_name": "Rafiqul Islam", "mothers_name": "Merina Parvin", "email": "rahima@x.com", "mobile": "017380305234", "gender": "f", "religion": 1, "date_of_birth": "2026-01-24", "birth_id": "5225545554", "guardian_name": "Jahirul Islam", "guardian_mobile": 1511665414, "active": true}}, {"model": "MyShop.studentpersonal", "pk": 11, "fields": {"photo": "uploads/IMG_0583.JPG", "first_name": "Rafikul Islam", "last_name": "রফিকুল ইসলাম", "fathers_name": "Jahir Uddin Shikder", "mothers_name": "Josimunnessa", "email": "rafikul@gmail.com", "mobile": "01735212554", "gender": "m", "religion": 1, "date_of_birth": "1965-02-05", "birth_id": "5212225455", "guardian_name": "Murad", "guardian_mobile": 1738030153, "active": true}}, {"model": "MyShop.studentpersonal", "pk": 12, "fields": {"photo": "uploads/DSC08221_TtfS17M.JPG", "first_name": "Batpar Anas", "last_name": "আনাস বাটপার", "fathers_name": "Jahirul Islam", "mothers_name": "Achia Begom", "email": "batpar@gmail.com", "mobile": "0125555888", "gender": "m", "religion": 1, "date_of_birth": "2026-02-21", "birth_id": "22555455", "guardian_name": "Jahirul Islam", "guardian_mobile": 2125555, "active": true}}, {"model": "MyShop.studentpersonal", "pk": 13, "fields": {"photo": "uploads/WhatsApp_Image_2026-02-22_at_11.50.59_AM.jpeg", "first_name": "Rafiya Khatun", "last_name": "রাফিয়া খাতুন", "fathers_name": "Rafiqul Islam", "mothers_name": "Merina Parvin", "email": "n.s.murad123@gmail.com", "mobile": "01738030153", "gender": "f", "religion": 1, "date_of_birth": "2026-02-23", "birth_id": "55455855", "guardian_name": "Jahirul Islam", "guardian_mobile": 1738030153, "active": true}}, {"model": "MyShop.historicaleducationboard", "pk": 1, "fields": {"id": 4, "Board_Name": "Chattogram Board", "history_date": "2026-02-21T09:59:19.178Z", "history_change_reason": null, "history_type": "+", "history_user": 1}}, {"model": "MyShop.historicaleducationboard", "pk": 2, "fields": {"id": 1, "Board_Name": "Rajshahi Board", "history_date": "2026-02-21T10:00:31.697Z", "history_change_reason": null, "history_type": "~", "history_user": 1}}, {"model": "MyShop.historicaleducationboard", "pk": 3, "fields": {"id": 5, "Board_Name": "Dhaka Board", "history_date": "2026-02-21T10:00:39.974Z", "history_change_reason": null, "history_type": "+", "history_user": 1}}, {"model": "MyShop.educationboard", "pk": 1, "fields": {"Board_Name": "Rajshahi Board"}}, {"model": "MyShop.educationboard", "pk": 2, "fields": {"Board_Name": "BTEB"}}, {"model": "MyShop.educationboard", "pk": 3, "fields": {"Board_Name": "University"}}, {"model": "MyShop.educationboard", "pk": 4, "fields": {"Board_Name": "Chattogram Board"}}, {"model": "MyShop.educationboard", "pk": 5, "fields": {"Board_Name": "Dhaka Board"}}, {"model": "MyShop.historicaleducationqualification", "pk": 1, "fields": {"id": 101, "education_type": "s", "education_group": "s", "course_name": "Secondary School Certificate", "institution_name": "Kashinathpur A L High School", "roll": 244242, "registration_no": 255545, "result": 3.5, "passing_year": 2025, "educational_file": "student_docs/2026/02/Shilpi_das.png", "student": 7, "board": 1, "history_date": "2026-02-18T17:29:34.799Z", "history_change_reason": null, "history_type": "+", "history_user": 1}}, {"model": "MyShop.historicaleducationqualification", "pk": 2, "fields": {"id": 102, "education_type": "h", "education_group": "s", "course_name": "Higher Secondary School Certificate", "institution_name": "Pabna Mohila College", "roll": 335351, "registration_no": 125445, "result": 4.5, "passing_year": 2025, "educational_file": "student_docs/2026/02/Shiblu.png", "student": 7, "board": 1, "history_date": "2026-02-18T17:29:34.832Z", "history_change_reason": null, "history_type": "+", "history_user": 1}}, {"model": "MyShop.historicaleducationqualification", "pk": 3, "fields": {"id": 103, "education_type": "h", "education_group": "s", "course_name": "Higher Secondary School Certificate", "institution_name": "Pabna University of Science and Technology", "roll": 335351, "registration_no": 125445, "result": 4.0, "passing_year": 2022, "educational_file": "student_docs/2026/02/Shamsul.png", "student": 6, "board": 1, "history_date": "2026-02-18T17:31:29.457Z", "history_change_reason": null, "history_type": "+", "history_user": 1}}, {"model": "MyShop.historicaleducationqualification", "pk": 4, "fields": {"id": 104, "education_type": "s", "education_group": "s", "course_name": "Secondary School Certificate", "institution_name": "Kashinathpur A L High School", "roll": 244242, "registration_no": 454854, "result": 5.0, "passing_year": 2020, "educational_file": "student_docs/2026/02/Toukir.png", "student": 6, "board": 1, "history_date": "2026-02-18T17:31:29.519Z", "history_change_reason": null, "history_type": "+", "history_user": 1}}, {"model": "MyShop.historicaleducationqualification", "pk": 5, "fields": {"id": 106, "education_type": "s", "education_group": "s", "course_name": "Secondary School Certificate", "institution_name": "Panchagarh Police Line School", "roll": 1521554, "registration_no": 125545, "result": 3.5, "passing_year": 2020, "educational_file": "student_docs/2026/02/abcd.png", "student": 12, "board": 1, "history_date": "2026-02-21T10:11:35.864Z", "history_change_reason": null, "history_type": "+", "history_user": 1}}, {"model": "MyShop.historicaleducationqualification", "pk": 6, "fields": {"id": 105, "education_type": "h", "education_group": "s", "course_name": "Diploma in Computer Science", "institution_name": "Prince Polytechnic Institute, Savar", "roll": 244242, "registration_no": 245255, "result": 3.0, "passing_year": 2025, "educational_file": "student_docs/2026/02/Shiblu_dVlvrrr.png", "student": 12, "board": 2, "history_date": "2026-02-21T10:11:35.857Z", "history_change_reason": null, "history_type": "+", "history_user": 1}}, {"model": "MyShop.historicaleducationqualification", "pk": 7, "fields": {"id": 106, "education_type": "s", "education_group": "s", "course_name": "Secondary School Certificate", "institution_name": "Panchagarh Police Line School", "roll": 1521554, "registration_no": 125545, "result": 3.5, "passing_year": 2020, "educational_file": "student_docs/2026/02/student_docs/2026/02/abcd.png", "student": 12, "board": 1, "history_date": "2026-02-23T08:18:00.459Z", "history_change_reason": null, "history_type": "~", "history_user": 1}}, {"model": "MyShop.historicaleducationqualification", "pk": 8, "fields": {"id": 105, "education_type": "h", "education_group": "s", "course_name": "Diploma in Computer Science", "institution_name": "Prince Polytechnic Institute, Savar", "roll": 244242, "registration_no": 245255, "result": 3.0, "passing_year": 2025, "educational_file": "student_docs/2026/02/student_docs/2026/02/Shiblu_dVlvrrr.png", "student": 12, "board": 2, "history_date": "2026-02-23T08:18:00.488Z", "history_change_reason": null, "history_type": "~", "history_user": 1}}, {"model": "MyShop.historicaleducationqualification", "pk": 9, "fields": {"id": 107, "education_type": "s", "education_group": "s", "course_name": "Secondary School Certificate", "institution_name": "Pabna Polytechnic Institutte", "roll": 103872, "registration_no": 245255, "result": 3.5, "passing_year": 2020, "educational_file": "student_docs/2026/03/WhatsApp_Image_2026-03-03_at_4.03.43_PM_2.jpeg", "student": 13, "board": 1, "history_date": "2026-03-04T19:39:54.438Z", "history_change_reason": null, "history_type": "+", "history_user": 1}}, {"model": "MyShop.historicaleducationqualification", "pk": 10, "fields": {"id": 108, "education_type": "h", "education_group": "s", "course_name": "Higher Secondary School Certificate", "institution_name": "Dhaka Nursing College", "roll": 15555, "registration_no": 125445, "result": 5.0, "passing_year": 2022, "educational_file": "student_docs/2026/03/WhatsApp_Image_2026-03-01_at_7.15.56_PM.jpeg", "student": 13, "board": 1, "history_date": "2026-03-04T19:39:54.455Z", "history_change_reason": null, "history_type": "+", "history_user": 1}}, {"model": "MyShop.educationqualification", "pk": 59, "fields": {"student": 3, "education_type": "s", "education_group": "s", "course_name": "Secondary School Certificate", "institution_name": "Kashinathpur A L High School", "roll": 103872, "registration_no": 454854, "result": 3.5, "board": 1, "passing_year": 2020, "educational_file": "student_docs/2026/02/NMCJ_Tangail_Seat_Plan_Admission-2026_YLmHLAL.pdf"}}, {"model": "MyShop.educationqualification", "pk": 60, "fields": {"student": 3, "education_type": "h", "education_group": "s", "course_name": "Higher Secondary School Certificate", "institution_name": "Pabna Polytechnic Institutte", "roll": 103872, "registration_no": 4558445, "result": 4.94, "board": 1, "passing_year": 2022, "educational_file": "student_docs/2026/02/student_docs/2026/02/student_docs/2026/02/baby_gHswX3Y.png"}}, {"model": "MyShop.educationqualification", "pk": 61, "fields": {"student": 4, "education_type": "s", "education_group": "s", "course_name": "Secondary School Certificate", "institution_name": "Miapur High School", "roll": 545548, "registration_no": 125445, "result": 4.0, "board": 1, "passing_year": null, "educational_file": ""}}, {"model": "MyShop.educationqualification", "pk": 62, "fields": {"student": 4, "education_type": "h", "education_group": "s", "course_name": "Higher Secondary School Certificate", "institution_name": "Pabna Mohila College", "roll": 545845, "registration_no": 658452, "result": 5.0, "board": 1, "passing_year": null, "educational_file": ""}}, {"model": "MyShop.educationqualification", "pk": 63, "fields": {"student": 2, "education_type": "m", "education_group": "s", "course_name": "MSc in CSE", "institution_name": "Pabna University of Science and Technology", "roll": 45125, "registration_no": 45545, "result": 3.12, "board": 3, "passing_year": null, "educational_file": ""}}, {"model": "MyShop.educationqualification", "pk": 64, "fields": {"student": 2, "education_type": "h", "education_group": "s", "course_name": "HSc", "institution_name": "Daffodil International University", "roll": 103872, "registration_no": 855455, "result": 3.87, "board": 1, "passing_year": null, "educational_file": ""}}, {"model": "MyShop.educationqualification", "pk": 65, "fields": {"student": 2, "education_type": "s", "education_group": "s", "course_name": "SSC", "institution_name": "Kashinathpur A L High School", "roll": 103872, "registration_no": 584565, "result": 3.42, "board": 1, "passing_year": null, "educational_file": ""}}, {"model": "MyShop.educationqualification", "pk": 66, "fields": {"student": 2, "education_type": "d", "education_group": "t", "course_name": "Diploma in Computer Science", "institution_name": "Pabna Polytechnic Institutte", "roll": 568545, "registration_no": 665584, "result": 5.0, "board": 1, "passing_year": null, "educational_file": ""}}, {"model": "MyShop.educationqualification", "pk": 73, "fields": {"student": 8, "education_type": "s", "education_group": "s", "course_name": "SSC", "institution_name": "PG School", "roll": 155454, "registration_no": 255482, "result": 5.0, "board": 2, "passing_year": null, "educational_file": ""}}, {"model": "MyShop.educationqualification", "pk": 74, "fields": {"student": 8, "education_type": "h", "education_group": "s", "course_name": "HSC", "institution_name": "PG College", "roll": 585455, "registration_no": 655458, "result": 5.0, "board": 1, "passing_year": null, "educational_file": ""}}, {"model": "MyShop.educationqualification", "pk": 79, "fields": {"student": 1, "education_type": "s", "education_group": "a", "course_name": "Secondary School Certificate", "institution_name": "Shaheed Police Srity School and College", "roll": 335351, "registration_no": 4558445, "result": 4.5, "board": 3, "passing_year": null, "educational_file": ""}}, {"model": "MyShop.educationqualification", "pk": 80, "fields": {"student": 1, "education_type": "d", "education_group": "t", "course_name": "Diploma in Computer Science", "institution_name": "Prince Polytechnic Institute, Savar", "roll": 554584, "registration_no": 655845, "result": 3.2, "board": 2, "passing_year": null, "educational_file": ""}}, {"model": "MyShop.educationqualification", "pk": 89, "fields": {"student": 10, "education_type": "s", "education_group": "s", "course_name": "Secondary School Certificate", "institution_name": "Kashinathpur A L High School", "roll": 244242, "registration_no": 245255, "result": 4.5, "board": 1, "passing_year": 2020, "educational_file": "student_docs/2026/02/student_docs/2026/02/Marks_Districbution_bQwWh8C.JPG"}}, {"model": "MyShop.educationqualification", "pk": 90, "fields": {"student": 10, "education_type": "h", "education_group": "s", "course_name": "Higher Secondary School Certificate", "institution_name": "Pabna Mohila College", "roll": 335351, "registration_no": 45545, "result": 3.73, "board": 1, "passing_year": 2022, "educational_file": "student_docs/2026/02/student_docs/2026/02/Marks_Districbution.JPG"}}, {"model": "MyShop.educationqualification", "pk": 93, "fields": {"student": 10, "education_type": "d", "education_group": "t", "course_name": "45544", "institution_name": "Dhaka Nursing College", "roll": 154554, "registration_no": 15545, "result": 5.0, "board": 3, "passing_year": 2024, "educational_file": "student_docs/2026/02/student_docs/2026/02/Marks_Districbution_eDOHs7d.JPG"}}, {"model": "MyShop.educationqualification", "pk": 94, "fields": {"student": 9, "education_type": "s", "education_group": "s", "course_name": "Secondary School Certificate", "institution_name": "Kashinathpur A L High School", "roll": 15555, "registration_no": 245255, "result": 5.0, "board": 1, "passing_year": 2020, "educational_file": "student_docs/2026/02/NMCJ_Tangail_Seat_Plan_Admission-2026_3XQ78AH.pdf"}}, {"model": "MyShop.educationqualification", "pk": 95, "fields": {"student": 9, "education_type": "h", "education_group": "s", "course_name": "Secondary School Certificate", "institution_name": "Kashinathpur BAL", "roll": 335351, "registration_no": 454854, "result": 5.0, "board": 1, "passing_year": 2022, "educational_file": "student_docs/2026/02/NMCJ_Tangail_Seat_Plan_Admission-2026.pdf"}}, {"model": "MyShop.educationqualification", "pk": 96, "fields": {"student": 11, "education_type": "s", "education_group": "s", "course_name": "Secondary School Certificate", "institution_name": "Pabna University of Science and Technology", "roll": 244242, "registration_no": 254555, "result": 5.0, "board": 1, "passing_year": 2010, "educational_file": "student_docs/2026/02/Nursing_Seet_Plan_2025-26_07-02-2026_10.30_am.xlsx_-_Google_Sheets.pdf"}}, {"model": "MyShop.educationqualification", "pk": 97, "fields": {"student": 11, "education_type": "h", "education_group": "s", "course_name": "Higher Secondary", "institution_name": "Pabna Polytechnic Institute", "roll": 335351, "registration_no": 265545, "result": 4.0, "board": 1, "passing_year": 2014, "educational_file": "student_docs/2026/02/student_docs/2026/02/student_docs/2026/02/student_docs/2026/02/Mark_NnBu5CA.JPG"}}, {"model": "MyShop.educationqualification", "pk": 98, "fields": {"student": 3, "education_type": "s", "education_group": "s", "course_name": "Diploma in Computer Science", "institution_name": "Kashinathpur A L High School", "roll": 45125, "registration_no": 4558445, "result": 5.0, "board": 1, "passing_year": 2024, "educational_file": "student_docs/2026/02/student_docs/2026/02/student_docs/2026/02/baby.png"}}, {"model": "MyShop.educationqualification", "pk": 99, "fields": {"student": 5, "education_type": "h", "education_group": "a", "course_name": "Higher Secondary School Certificate", "institution_name": "Kashinathpur A L High School", "roll": 5845545, "registration_no": 655845, "result": 3.35, "board": 1, "passing_year": 2024, "educational_file": "student_docs/2026/02/marium_sultana.png"}}, {"model": "MyShop.educationqualification", "pk": 100, "fields": {"student": 5, "education_type": "d", "education_group": "a", "course_name": "Secondary School Certificate", "institution_name": "Pabna Mohila College", "roll": 2554558, "registration_no": 658545, "result": 4.5, "board": 1, "passing_year": 2020, "educational_file": "student_docs/2026/02/marium_sultana_0niEAwy.png"}}, {"model": "MyShop.educationqualification", "pk": 101, "fields": {"student": 7, "education_type": "s", "education_group": "s", "course_name": "Secondary School Certificate", "institution_name": "Kashinathpur A L High School", "roll": 244242, "registration_no": 255545, "result": 3.5, "board": 1, "passing_year": 2025, "educational_file": "student_docs/2026/02/Shilpi_das.png"}}, {"model": "MyShop.educationqualification", "pk": 102, "fields": {"student": 7, "education_type": "h", "education_group": "s", "course_name": "Higher Secondary School Certificate", "institution_name": "Pabna Mohila College", "roll": 335351, "registration_no": 125445, "result": 4.5, "board": 1, "passing_year": 2025, "educational_file": "student_docs/2026/02/Shiblu.png"}}, {"model": "MyShop.educationqualification", "pk": 103, "fields": {"student": 6, "education_type": "h", "education_group": "s", "course_name": "Higher Secondary School Certificate", "institution_name": "Pabna University of Science and Technology", "roll": 335351, "registration_no": 125445, "result": 4.0, "board": 1, "passing_year": 2022, "educational_file": "student_docs/2026/02/Shamsul.png"}}, {"model": "MyShop.educationqualification", "pk": 104, "fields": {"student": 6, "education_type": "s", "education_group": "s", "course_name": "Secondary School Certificate", "institution_name": "Kashinathpur A L High School", "roll": 244242, "registration_no": 454854, "result": 5.0, "board": 1, "passing_year": 2020, "educational_file": "student_docs/2026/02/Toukir.png"}}, {"model": "MyShop.educationqualification", "pk": 105, "fields": {"student": 12, "education_type": "h", "education_group": "s", "course_name": "Diploma in Computer Science", "institution_name": "Prince Polytechnic Institute, Savar", "roll": 244242, "registration_no": 245255, "result": 3.0, "board": 2, "passing_year": 2025, "educational_file": "student_docs/2026/02/student_docs/2026/02/Shiblu_dVlvrrr.png"}}, {"model": "MyShop.educationqualification", "pk": 106, "fields": {"student": 12, "education_type": "s", "education_group": "s", "course_name": "Secondary School Certificate", "institution_name": "Panchagarh Police Line School", "roll": 1521554, "registration_no": 125545, "result": 3.5, "board": 1, "passing_year": 2020, "educational_file": "student_docs/2026/02/student_docs/2026/02/abcd.png"}}, {"model": "MyShop.educationqualification", "pk": 107, "fields": {"student": 13, "education_type": "s", "education_group": "s", "course_name": "Secondary School Certificate", "institution_name": "Pabna Polytechnic Institutte", "roll": 103872, "registration_no": 245255, "result": 3.5, "board": 1, "passing_year": 2020, "educational_file": "student_docs/2026/03/WhatsApp_Image_2026-03-03_at_4.03.43_PM_2.jpeg"}}, {"model": "MyShop.educationqualification", "pk": 108, "fields": {"student": 13, "education_type": "h", "education_group": "s", "course_name": "Higher Secondary School Certificate", "institution_name": "Dhaka Nursing College", "roll": 15555, "registration_no": 125445, "result": 5.0, "board": 1, "passing_year": 2022, "educational_file": "student_docs/2026/03/WhatsApp_Image_2026-03-01_at_7.15.56_PM.jpeg"}}, {"model": "MyShop.country", "pk": 1, "fields": {"name": "Bangladesh"}}, {"model": "MyShop.historicaldivision", "pk": 1, "fields": {"id": 1, "name": "Dhaka aa", "country": 1, "history_date": "2026-02-05T15:39:15.213Z", "history_change_reason": null, "history_type": "~", "history_user": null}}, {"model": "MyShop.historicaldivision", "pk": 2, "fields": {"id": 1, "name": "Dhaka", "country": 1, "history_date": "2026-02-05T15:44:51.195Z", "history_change_reason": null, "history_type": "~", "history_user": null}}, {"model": "MyShop.historicaldivision", "pk": 3, "fields": {"id": 1, "name": "Dhaka  afafa", "country": 1, "history_date": "2026-02-05T18:09:07.288Z", "history_change_reason": null, "history_type": "~", "history_user": null}}, {"model": "MyShop.historicaldivision", "pk": 4, "fields": {"id": 1, "name": "Dhaka", "country": 1, "history_date": "2026-02-05T18:14:38.593Z", "history_change_reason": null, "history_type": "~", "history_user": 1}}, {"model": "MyShop.historicaldivision", "pk": 5, "fields": {"id": 1, "name": "Dhaka 1", "country": 1, "history_date": "2026-02-08T19:20:55.277Z", "history_change_reason": null, "history_type": "~", "history_user": 1}}, {"model": "MyShop.historicaldivision", "pk": 6, "fields": {"id": 1, "name": "Dhaka", "country": 1, "history_date": "2026-02-08T19:21:01.041Z", "history_change_reason": null, "history_type": "~", "history_user": 1}}, {"model": "MyShop.historicaldivision", "pk": 7, "fields": {"id": 1, "name": "Dhaka", "country": 1, "history_date": "2026-02-20T16:09:54.977Z", "history_change_reason": null, "history_type": "~", "history_user": 1}}, {"model": "MyShop.division", "pk": 1, "fields": {"country": 1, "name": "Dhaka"}}, {"model": "MyShop.division", "pk": 2, "fields": {"country": 1, "name": "Chattogram"}}, {"model": "MyShop.division", "pk": 3, "fields": {"country": 1, "name": "Rajshahi"}}, {"model": "MyShop.division", "pk": 4, "fields": {"country": null, "name": "Khulna"}}, {"model": "MyShop.division", "pk": 5, "fields": {"country": null, "name": "Sylhet"}}, {"model": "MyShop.division", "pk": 6, "fields": {"country": null, "name": "Barishal"}}, {"model": "MyShop.division", "pk": 7, "fields": {"country": null, "name": "Mymensingh"}}, {"model": "MyShop.division", "pk": 8, "fields": {"country": null, "name": "Rangpur"}}, {"model": "MyShop.historicaldistrict", "pk": 1, "fields": {"id": 1, "name": "Dhaka afaf", "division": 1, "history_date": "2026-02-05T18:17:22.181Z", "history_change_reason": null, "history_type": "~", "history_user": 1}}, {"model": "MyShop.historicaldistrict", "pk": 2, "fields": {"id": 1, "name": "Dhaka", "division": 1, "history_date": "2026-02-05T18:17:45.023Z", "history_change_reason": null, "history_type": "~", "history_user": 1}}, {"model": "MyShop.historicaldistrict", "pk": 3, "fields": {"id": 15, "name": "Mymensingh", "division": 7, "history_date": "2026-02-05T18:19:07.042Z", "history_change_reason": null, "history_type": "+", "history_user": 1}}, {"model": "MyShop.district", "pk": 1, "fields": {"division": 1, "name": "Dhaka"}}, {"model": "MyShop.district", "pk": 2, "fields": {"division": 1, "name": "Gazipur"}}, {"model": "MyShop.district", "pk": 3, "fields": {"division": 1, "name": "Manikgonj"}}, {"model": "MyShop.district", "pk": 4, "fields": {"division": 2, "name": "Chattogram"}}, {"model": "MyShop.district", "pk": 5, "fields": {"division": 3, "name": "Rajshahi"}}, {"model": "MyShop.district", "pk": 6, "fields": {"division": 3, "name": "Pabna"}}, {"model": "MyShop.district", "pk": 7, "fields": {"division": 1, "name": "Faridpur"}}, {"model": "MyShop.district", "pk": 8, "fields": {"division": 3, "name": "Bogura"}}, {"model": "MyShop.district", "pk": 9, "fields": {"division": 3, "name": "Natore"}}, {"model": "MyShop.district", "pk": 10, "fields": {"division": 1, "name": "Narayangonj"}}, {"model": "MyShop.district", "pk": 11, "fields": {"division": 2, "name": "Cumilla"}}, {"model": "MyShop.district", "pk": 12, "fields": {"division": 2, "name": "Feni"}}, {"model": "MyShop.district", "pk": 13, "fields": {"division": 4, "name": "Khulna"}}, {"model": "MyShop.district", "pk": 14, "fields": {"division": 8, "name": "Panchagarh"}}, {"model": "MyShop.district", "pk": 15, "fields": {"division": 7, "name": "Mymensingh"}}, {"model": "MyShop.historicalupazilla", "pk": 1, "fields": {"id": 14, "name": "Singair", "district": 3, "history_date": "2026-02-05T18:23:03.626Z", "history_change_reason": null, "history_type": "+", "history_user": 1}}, {"model": "MyShop.historicalupazilla", "pk": 2, "fields": {"id": 14, "name": "Singair", "district": 3, "history_date": "2026-02-05T18:23:18.756Z", "history_change_reason": null, "history_type": "-", "history_user": 1}}, {"model": "MyShop.historicalupazilla", "pk": 3, "fields": {"id": 1, "name": "Polton 1", "district": 3, "history_date": "2026-02-08T19:25:14.574Z", "history_change_reason": null, "history_type": "~", "history_user": 1}}, {"model": "MyShop.historicalupazilla", "pk": 4, "fields": {"id": 1, "name": "Polton 1", "district": 1, "history_date": "2026-02-08T19:25:22.876Z", "history_change_reason": null, "history_type": "~", "history_user": 1}}, {"model": "MyShop.historicalupazilla", "pk": 5, "fields": {"id": 15, "name": "Faridpur Sadar", "district": 7, "history_date": "2026-02-08T19:25:50.355Z", "history_change_reason": null, "history_type": "+", "history_user": 1}}, {"model": "MyShop.upazilla", "pk": 1, "fields": {"district": 1, "name": "Polton 1"}}, {"model": "MyShop.upazilla", "pk": 2, "fields": {"district": 1, "name": "Shahbag"}}, {"model": "MyShop.upazilla", "pk": 3, "fields": {"district": 1, "name": "Keraniganj"}}, {"model": "MyShop.upazilla", "pk": 4, "fields": {"district": 6, "name": "Pabna Sadar"}}, {"model": "MyShop.upazilla", "pk": 5, "fields": {"district": 6, "name": "Shanthia"}}, {"model": "MyShop.upazilla", "pk": 6, "fields": {"district": 3, "name": "Manikgonj"}}, {"model": "MyShop.upazilla", "pk": 7, "fields": {"district": 3, "name": "Ghior"}}, {"model": "MyShop.upazilla", "pk": 8, "fields": {"district": 1, "name": "Savar"}}, {"model": "MyShop.upazilla", "pk": 9, "fields": {"district": 4, "name": "Chattogram Kotowali"}}, {"model": "MyShop.upazilla", "pk": 10, "fields": {"district": 2, "name": "Gazipur Sadar"}}, {"model": "MyShop.upazilla", "pk": 11, "fields": {"district": 3, "name": "Singair"}}, {"model": "MyShop.upazilla", "pk": 12, "fields": {"district": 6, "name": "Sujanagar bb"}}, {"model": "MyShop.upazilla", "pk": 13, "fields": {"district": 14, "name": "Tetulia"}}, {"model": "MyShop.upazilla", "pk": 15, "fields": {"district": 7, "name": "Faridpur Sadar"}}, {"model": "MyShop.historicalstudentaddress", "pk": 1, "fields": {"id": 6, "Post_Office": "Kashinathpur", "Village": "Edrakpur", "Present_Post_Office": "Kashinathpur", "Present_Village": "Edrakpur", "student": 7, "division": 3, "district": 6, "upazilla": 5, "Present_Division": 3, "Present_District": 6, "Present_Upazilla": 5, "history_date": "2026-02-05T15:40:41.871Z", "history_change_reason": null, "history_type": "~", "history_user": null}}, {"model": "MyShop.historicalstudentaddress", "pk": 2, "fields": {"id": 7, "Post_Office": "Ghior Health", "Village": "Ghior Health Complex", "Present_Post_Office": "Ghior Health", "Present_Village": "Ghior Health Complex", "student": 8, "division": 1, "district": 3, "upazilla": 7, "Present_Division": 1, "Present_District": 3, "Present_Upazilla": 7, "history_date": "2026-02-05T18:08:19.753Z", "history_change_reason": null, "history_type": "~", "history_user": null}}, {"model": "MyShop.historicalstudentaddress", "pk": 3, "fields": {"id": 8, "Post_Office": "Kashinathpur", "Village": "Edrakpur Moddo Para", "Present_Post_Office": "Kashinathpur", "Present_Village": "Edrakpur", "student": 9, "division": 3, "district": 6, "upazilla": 5, "Present_Division": 3, "Present_District": 6, "Present_Upazilla": 5, "history_date": "2026-02-05T18:47:19.782Z", "history_change_reason": null, "history_type": "~", "history_user": 1}}, {"model": "MyShop.historicalstudentaddress", "pk": 4, "fields": {"id": 8, "Post_Office": "Kashinathpur", "Village": "Edrakpur", "Present_Post_Office": "Kashinathpur", "Present_Village": "Edrakpur", "student": 9, "division": 3, "district": 6, "upazilla": 5, "Present_Division": 3, "Present_District": 6, "Present_Upazilla": 5, "history_date": "2026-02-05T18:55:49.053Z", "history_change_reason": null, "history_type": "~", "history_user": 1}}, {"model": "MyShop.historicalstudentaddress", "pk": 5, "fields": {"id": 9, "Post_Office": "Bonogram", "Village": "Edrakpur", "Present_Post_Office": "Bonogram", "Present_Village": "Edrakpur", "student": 10, "division": 1, "district": 1, "upazilla": 1, "Present_Division": 1, "Present_District": 1, "Present_Upazilla": 1, "history_date": "2026-02-05T19:04:11.002Z", "history_change_reason": null, "history_type": "+", "history_user": 1}}, {"model": "MyShop.historicalstudentaddress", "pk": 6, "fields": {"id": 5, "Post_Office": "Bonogram", "Village": "Ghior 2", "Present_Post_Office": "Bonogram", "Present_Village": "Ghior", "student": 5, "division": 1, "district": 1, "upazilla": 1, "Present_Division": 1, "Present_District": 1, "Present_Upazilla": 1, "history_date": "2026-02-08T17:57:38.949Z", "history_change_reason": null, "history_type": "~", "history_user": 1}}, {"model": "MyShop.historicalstudentaddress", "pk": 7, "fields": {"id": 5, "Post_Office": "Bonogram 2", "Village": "Ghior 2", "Present_Post_Office": "Bonogram 2", "Present_Village": "Ghior 2", "student": 5, "division": 1, "district": 2, "upazilla": 10, "Present_Division": 1, "Present_District": 2, "Present_Upazilla": 10, "history_date": "2026-02-08T17:57:54.354Z", "history_change_reason": null, "history_type": "~", "history_user": 1}}, {"model": "MyShop.historicalstudentaddress", "pk": 8, "fields": {"id": 10, "Post_Office": "Kashinathpur", "Village": "Edrakpur", "Present_Post_Office": "Kashinathpur", "Present_Village": "Edrakpur", "student": 11, "division": 3, "district": 6, "upazilla": 12, "Present_Division": 3, "Present_District": 6, "Present_Upazilla": 12, "history_date": "2026-02-12T10:23:45.263Z", "history_change_reason": null, "history_type": "+", "history_user": 1}}, {"model": "MyShop.historicalstudentaddress", "pk": 9, "fields": {"id": 10, "Post_Office": "Kashinathpur", "Village": "Edrakpur", "Present_Post_Office": "Kashinathpur", "Present_Village": "Edrakpur", "student": 11, "division": 3, "district": 6, "upazilla": 5, "Present_Division": 3, "Present_District": 6, "Present_Upazilla": 5, "history_date": "2026-02-12T10:24:10.660Z", "history_change_reason": null, "history_type": "~", "history_user": 1}}, {"model": "MyShop.historicalstudentaddress", "pk": 10, "fields": {"id": 10, "Post_Office": "Kashinathpur", "Village": "Edrakpur", "Present_Post_Office": "Kashinathpur", "Present_Village": "Edrakpur", "student": 11, "division": 3, "district": 6, "upazilla": 5, "Present_Division": 3, "Present_District": 6, "Present_Upazilla": 5, "history_date": "2026-02-12T10:24:25.058Z", "history_change_reason": null, "history_type": "~", "history_user": 1}}, {"model": "MyShop.historicalstudentaddress", "pk": 11, "fields": {"id": 11, "Post_Office": "Kashinathpur", "Village": "Ghior", "Present_Post_Office": "Kashinathpur", "Present_Village": "Ghior", "student": 6, "division": 1, "district": 1, "upazilla": 1, "Present_Division": 1, "Present_District": 1, "Present_Upazilla": 1, "history_date": "2026-02-13T19:49:38.866Z", "history_change_reason": null, "history_type": "+", "history_user": 1}}, {"model": "MyShop.historicalstudentaddress", "pk": 12, "fields": {"id": 12, "Post_Office": "Bonogram", "Village": "Edrakpur", "Present_Post_Office": "Bonogram", "Present_Village": "Edrakpur", "student": 12, "division": 8, "district": 14, "upazilla": 13, "Present_Division": 8, "Present_District": 14, "Present_Upazilla": 13, "history_date": "2026-02-21T10:10:23.243Z", "history_change_reason": null, "history_type": "+", "history_user": 1}}, {"model": "MyShop.historicalstudentaddress", "pk": 13, "fields": {"id": 13, "Post_Office": "Bonogram", "Village": "Edrakpur", "Present_Post_Office": "Bonogram", "Present_Village": "Edrakpur", "student": 13, "division": 3, "district": 6, "upazilla": 4, "Present_Division": 3, "Present_District": 6, "Present_Upazilla": 4, "history_date": "2026-03-04T19:38:33.691Z", "history_change_reason": null, "history_type": "+", "history_user": 1}}, {"model": "MyShop.studentaddress", "pk": 1, "fields": {"student": 1, "division": 5, "district": 1, "upazilla": 1, "Post_Office": "KP", "Village": "ED", "Present_Division": 1, "Present_District": 1, "Present_Upazilla": 1, "Present_Post_Office": "KP", "Present_Village": "ED"}}, {"model": "MyShop.studentaddress", "pk": 2, "fields": {"student": 2, "division": 3, "district": 6, "upazilla": 5, "Post_Office": "Kashinathpur", "Village": "Edrakpur", "Present_Division": 3, "Present_District": 6, "Present_Upazilla": 5, "Present_Post_Office": "Kashinathpur", "Present_Village": "Edrakpur"}}, {"model": "MyShop.studentaddress", "pk": 3, "fields": {"student": 3, "division": 3, "district": 6, "upazilla": 4, "Post_Office": "Muzahid Club", "Village": "MZ Club", "Present_Division": 3, "Present_District": 6, "Present_Upazilla": 4, "Present_Post_Office": "Muzahid Club", "Present_Village": "MZ Club"}}, {"model": "MyShop.studentaddress", "pk": 4, "fields": {"student": 4, "division": 3, "district": 6, "upazilla": 5, "Post_Office": "Bonogram", "Village": "Bamondanga", "Present_Division": 3, "Present_District": 6, "Present_Upazilla": 5, "Present_Post_Office": "Bonogram", "Present_Village": "Bamondanga"}}, {"model": "MyShop.studentaddress", "pk": 5, "fields": {"student": 5, "division": 1, "district": 2, "upazilla": 10, "Post_Office": "Bonogram 2", "Village": "Ghior 2", "Present_Division": 1, "Present_District": 2, "Present_Upazilla": 10, "Present_Post_Office": "Bonogram 2", "Present_Village": "Ghior 2"}}, {"model": "MyShop.studentaddress", "pk": 6, "fields": {"student": 7, "division": 3, "district": 6, "upazilla": 5, "Post_Office": "Kashinathpur", "Village": "Edrakpur", "Present_Division": 3, "Present_District": 6, "Present_Upazilla": 5, "Present_Post_Office": "Kashinathpur", "Present_Village": "Edrakpur"}}, {"model": "MyShop.studentaddress", "pk": 7, "fields": {"student": 8, "division": 1, "district": 3, "upazilla": 7, "Post_Office": "Ghior Health", "Village": "Ghior Health Complex", "Present_Division": 1, "Present_District": 3, "Present_Upazilla": 7, "Present_Post_Office": "Ghior Health", "Present_Village": "Ghior Health Complex"}}, {"model": "MyShop.studentaddress", "pk": 8, "fields": {"student": 9, "division": 3, "district": 6, "upazilla": 5, "Post_Office": "Kashinathpur", "Village": "Edrakpur", "Present_Division": 3, "Present_District": 6, "Present_Upazilla": 5, "Present_Post_Office": "Kashinathpur", "Present_Village": "Edrakpur"}}, {"model": "MyShop.studentaddress", "pk": 9, "fields": {"student": 10, "division": 1, "district": 1, "upazilla": 1, "Post_Office": "Bonogram", "Village": "Edrakpur", "Present_Division": 1, "Present_District": 1, "Present_Upazilla": 1, "Present_Post_Office": "Bonogram", "Present_Village": "Edrakpur"}}, {"model": "MyShop.studentaddress", "pk": 10, "fields": {"student": 11, "division": 3, "district": 6, "upazilla": 5, "Post_Office": "Kashinathpur", "Village": "Edrakpur", "Present_Division": 3, "Present_District": 6, "Present_Upazilla": 5, "Present_Post_Office": "Kashinathpur", "Present_Village": "Edrakpur"}}, {"model": "MyShop.studentaddress", "pk": 11, "fields": {"student": 6, "division": 1, "district": 1, "upazilla": 1, "Post_Office": "Kashinathpur", "Village": "Ghior", "Present_Division": 1, "Present_District": 1, "Present_Upazilla": 1, "Present_Post_Office": "Kashinathpur", "Present_Village": "Ghior"}}, {"model": "MyShop.studentaddress", "pk": 12, "fields": {"student": 12, "division": 8, "district": 14, "upazilla": 13, "Post_Office": "Bonogram", "Village": "Edrakpur", "Present_Division": 8, "Present_District": 14, "Present_Upazilla": 13, "Present_Post_Office": "Bonogram", "Present_Village": "Edrakpur"}}, {"model": "MyShop.studentaddress", "pk": 13, "fields": {"student": 13, "division": 3, "district": 6, "upazilla": 4, "Post_Office": "Bonogram", "Village": "Edrakpur", "Present_Division": 3, "Present_District": 6, "Present_Upazilla": 4, "Present_Post_Office": "Bonogram", "Present_Village": "Edrakpur"}}, {"model": "MyShop.historicalprogram", "pk": 1, "fields": {"id": 2, "Program_Name": "Diploma in Midwifery", "Program_Code": "DIM", "active": false, "history_date": "2026-02-16T18:22:00.754Z", "history_change_reason": null, "history_type": "~", "history_user": 1}}, {"model": "MyShop.historicalprogram", "pk": 2, "fields": {"id": 5, "Program_Name": "BSc in Midwifery (Post Basic)", "Program_Code": "bmpb", "active": true, "history_date": "2026-02-20T16:52:06.527Z", "history_change_reason": null, "history_type": "+", "history_user": 1}}, {"model": "MyShop.historicalprogram", "pk": 3, "fields": {"id": 2, "Program_Name": "Diploma in Midwifery", "Program_Code": "DIM", "active": true, "history_date": "2026-02-20T16:52:23.871Z", "history_change_reason": null, "history_type": "~", "history_user": 1}}, {"model": "MyShop.historicalprogram", "pk": 4, "fields": {"id": 5, "Program_Name": "BSc in Midwifery (Post Basic)", "Program_Code": "bmpb", "active": false, "history_date": "2026-02-20T16:54:30.131Z", "history_change_reason": null, "history_type": "~", "history_user": 1}}, {"model": "MyShop.historicalprogram", "pk": 5, "fields": {"id": 5, "Program_Name": "BSc in Midwifery (Post Basic)", "Program_Code": "bmpb", "active": true, "history_date": "2026-02-20T16:54:45.068Z", "history_change_reason": null, "history_type": "~", "history_user": 1}}, {"model": "MyShop.program", "pk": 1, "fields": {"Program_Name": "Diploma in Nursing Science and Midwifery", "Program_Code": "DNSM", "active": true}}, {"model": "MyShop.program", "pk": 2, "fields": {"Program_Name": "Diploma in Midwifery", "Program_Code": "DIM", "active": true}}, {"model": "MyShop.program", "pk": 3, "fields": {"Program_Name": "BSc in Nursing (4 Year)", "Program_Code": "BSCB", "active": true}}, {"model": "MyShop.program", "pk": 4, "fields": {"Program_Name": "BSc in Nursing (Post Basic)", "Program_Code": "BSCPB", "active": true}}, {"model": "MyShop.program", "pk": 5, "fields": {"Program_Name": "BSc in Midwifery (Post Basic)", "Program_Code": "bmpb", "active": true}}, {"model": "MyShop.historicalsession", "pk": 1, "fields": {"id": 2, "Session_Name": "2025-2026", "Session_Code": "2526", "active": true, "history_date": "2026-02-15T16:55:15.895Z", "history_change_reason": null, "history_type": "+", "history_user": 1}}, {"model": "MyShop.historicalsession", "pk": 2, "fields": {"id": 1, "Session_Name": "2024-2025", "Session_Code": "24-25", "active": true, "history_date": "2026-02-15T16:55:20.147Z", "history_change_reason": null, "history_type": "~", "history_user": 1}}, {"model": "MyShop.historicalsession", "pk": 3, "fields": {"id": 1, "Session_Name": "2024-2025", "Session_Code": "24-25", "active": false, "history_date": "2026-02-15T16:55:25.265Z", "history_change_reason": null, "history_type": "~", "history_user": 1}}, {"model": "MyShop.historicalsession", "pk": 4, "fields": {"id": 1, "Session_Name": "2024-2025", "Session_Code": "24-25", "active": true, "history_date": "2026-02-15T17:24:01.192Z", "history_change_reason": null, "history_type": "~", "history_user": 1}}, {"model": "MyShop.historicalsession", "pk": 5, "fields": {"id": 1, "Session_Name": "2024-2025", "Session_Code": "24-25", "active": false, "history_date": "2026-02-15T17:26:51.035Z", "history_change_reason": null, "history_type": "~", "history_user": 1}}, {"model": "MyShop.historicalsession", "pk": 6, "fields": {"id": 1, "Session_Name": "2024-2025", "Session_Code": "24-25", "active": true, "history_date": "2026-02-15T17:41:23.090Z", "history_change_reason": null, "history_type": "~", "history_user": 1}}, {"model": "MyShop.historicalsession", "pk": 7, "fields": {"id": 1, "Session_Name": "2024-2025", "Session_Code": "24-25", "active": false, "history_date": "2026-02-16T17:41:37.826Z", "history_change_reason": null, "history_type": "~", "history_user": 1}}, {"model": "MyShop.historicalsession", "pk": 8, "fields": {"id": 2, "Session_Name": "2025-2026", "Session_Code": "2526", "active": true, "history_date": "2026-02-16T17:57:29.734Z", "history_change_reason": null, "history_type": "~", "history_user": 1}}, {"model": "MyShop.historicalsession", "pk": 9, "fields": {"id": 1, "Session_Name": "2024-2025", "Session_Code": "24-25", "active": false, "history_date": "2026-02-16T17:57:33.864Z", "history_change_reason": null, "history_type": "~", "history_user": 1}}, {"model": "MyShop.historicalsession", "pk": 10, "fields": {"id": 2, "Session_Name": "2025-2026", "Session_Code": "2526", "active": true, "history_date": "2026-02-16T19:13:07.483Z", "history_change_reason": null, "history_type": "~", "history_user": 1}}, {"model": "MyShop.historicalsession", "pk": 11, "fields": {"id": 1, "Session_Name": "2024-2025", "Session_Code": "2425", "active": false, "history_date": "2026-02-16T19:13:11.250Z", "history_change_reason": null, "history_type": "~", "history_user": 1}}, {"model": "MyShop.historicalsession", "pk": 12, "fields": {"id": 3, "Session_Name": "2023-2024", "Session_Code": "2324", "active": false, "history_date": "2026-02-20T17:08:30.947Z", "history_change_reason": null, "history_type": "+", "history_user": 1}}, {"model": "MyShop.session", "pk": 1, "fields": {"Session_Name": "2024-2025", "Session_Code": "2425", "active": false}}, {"model": "MyShop.session", "pk": 2, "fields": {"Session_Name": "2025-2026", "Session_Code": "2526", "active": true}}, {"model": "MyShop.session", "pk": 3, "fields": {"Session_Name": "2023-2024", "Session_Code": "2324", "active": false}}, {"model": "MyShop.historicalstudentadmission", "pk": 1, "fields": {"id": 2, "Date_of_admission": "2026-02-07", "student_id_no": "DNSM-24-25-0002", "Admission_roll": 125545, "test_score": 70, "merit_score": 110, "merit_position": 5421, "approved": false, "student": 10, "Program_Name": 1, "Session": 1, "history_date": "2026-02-07T09:10:00.846Z", "history_change_reason": null, "history_type": "+", "history_user": 1}}, {"model": "MyShop.historicalstudentadmission", "pk": 2, "fields": {"id": 3, "Date_of_admission": "2026-02-07", "student_id_no": "BSCB-24-25-0001", "Admission_roll": 155554, "test_score": 50, "merit_score": 90, "merit_position": 15482, "approved": false, "student": 9, "Program_Name": 3, "Session": 1, "history_date": "2026-02-07T09:49:09.002Z", "history_change_reason": null, "history_type": "+", "history_user": 1}}, {"model": "MyShop.historicalstudentadmission", "pk": 3, "fields": {"id": 3, "Date_of_admission": "2026-02-07", "student_id_no": "BSCB-24-25-0001", "Admission_roll": 155554, "test_score": 50, "merit_score": 95, "merit_position": 15482, "approved": false, "student": 9, "Program_Name": 3, "Session": 1, "history_date": "2026-02-07T09:56:11.368Z", "history_change_reason": null, "history_type": "~", "history_user": 1}}, {"model": "MyShop.historicalstudentadmission", "pk": 4, "fields": {"id": 2, "Date_of_admission": "2026-02-07", "student_id_no": "DNSM-24-25-0002", "Admission_roll": 125545, "test_score": 70, "merit_score": 110, "merit_position": 5421, "approved": false, "student": 10, "Program_Name": 1, "Session": 1, "history_date": "2026-02-08T17:59:22.744Z", "history_change_reason": null, "history_type": "~", "history_user": 1}}, {"model": "MyShop.historicalstudentadmission", "pk": 5, "fields": {"id": 2, "Date_of_admission": "2026-02-07", "student_id_no": "DNSM-24-25-0002", "Admission_roll": 125545, "test_score": 75, "merit_score": 110, "merit_position": 5421, "approved": false, "student": 10, "Program_Name": 1, "Session": 1, "history_date": "2026-02-08T18:04:57.661Z", "history_change_reason": null, "history_type": "~", "history_user": 1}}, {"model": "MyShop.historicalstudentadmission", "pk": 6, "fields": {"id": 4, "Date_of_admission": "2026-02-12", "student_id_no": "DNSM-24-25-0003", "Admission_roll": 252545, "test_score": 45, "merit_score": 85, "merit_position": 2555, "approved": false, "student": 11, "Program_Name": 1, "Session": 1, "history_date": "2026-02-12T10:25:55.995Z", "history_change_reason": null, "history_type": "+", "history_user": 1}}, {"model": "MyShop.historicalstudentadmission", "pk": 7, "fields": {"id": 2, "Date_of_admission": "2026-02-07", "student_id_no": "DNSM-24-25-0002", "Admission_roll": 125545, "test_score": 75, "merit_score": 110, "merit_position": 5421, "approved": false, "student": 10, "Program_Name": 1, "Session": 1, "history_date": "2026-02-13T19:29:13.165Z", "history_change_reason": null, "history_type": "~", "history_user": 1}}, {"model": "MyShop.historicalstudentadmission", "pk": 8, "fields": {"id": 5, "Date_of_admission": "2026-02-14", "student_id_no": "DNSM-24-25-0004", "Admission_roll": 255555, "test_score": 70, "merit_score": 75, "merit_position": 15254, "approved": false, "student": 3, "Program_Name": 1, "Session": 1, "history_date": "2026-02-13T19:55:21.029Z", "history_change_reason": null, "history_type": "+", "history_user": 1}}, {"model": "MyShop.historicalstudentadmission", "pk": 9, "fields": {"id": 4, "Date_of_admission": "2026-02-12", "student_id_no": "DNSM-24-25-0003", "Admission_roll": 252545, "test_score": 45, "merit_score": 85, "merit_position": 2555, "approved": false, "student": 11, "Program_Name": 1, "Session": 2, "history_date": "2026-02-15T17:06:46.568Z", "history_change_reason": null, "history_type": "~", "history_user": 1}}, {"model": "MyShop.historicalstudentadmission", "pk": 10, "fields": {"id": 2, "Date_of_admission": "2026-02-07", "student_id_no": "DNSM-24-25-0002", "Admission_roll": 125545, "test_score": 75, "merit_score": 110, "merit_position": 5421, "approved": false, "student": 10, "Program_Name": 1, "Session": 1, "history_date": "2026-02-15T17:24:15.017Z", "history_change_reason": null, "history_type": "~", "history_user": 1}}, {"model": "MyShop.historicalstudentadmission", "pk": 11, "fields": {"id": 4, "Date_of_admission": "2026-02-12", "student_id_no": "DNSM-24-25-0003", "Admission_roll": 252545, "test_score": 45, "merit_score": 85, "merit_position": 2555, "approved": false, "student": 11, "Program_Name": 1, "Session": 2, "history_date": "2026-02-15T17:33:06.153Z", "history_change_reason": null, "history_type": "~", "history_user": 1}}, {"model": "MyShop.historicalstudentadmission", "pk": 12, "fields": {"id": 2, "Date_of_admission": "2026-02-07", "student_id_no": "DNSM-24-25-0002", "Admission_roll": 125545, "test_score": 75, "merit_score": 110, "merit_position": 5421, "approved": false, "student": 10, "Program_Name": 1, "Session": 1, "history_date": "2026-02-15T17:37:36.051Z", "history_change_reason": null, "history_type": "~", "history_user": 1}}, {"model": "MyShop.historicalstudentadmission", "pk": 13, "fields": {"id": 2, "Date_of_admission": "2026-02-07", "student_id_no": "DNSM-24-25-0002", "Admission_roll": 125545, "test_score": 75, "merit_score": 110, "merit_position": 5421, "approved": false, "student": 10, "Program_Name": 1, "Session": 1, "history_date": "2026-02-15T17:38:12.681Z", "history_change_reason": null, "history_type": "~", "history_user": 5}}, {"model": "MyShop.historicalstudentadmission", "pk": 14, "fields": {"id": 4, "Date_of_admission": "2026-02-12", "student_id_no": "DNSM-24-25-0003", "Admission_roll": 252545, "test_score": 45, "merit_score": 85, "merit_position": 2555, "approved": false, "student": 11, "Program_Name": 1, "Session": 2, "history_date": "2026-02-15T17:41:34.430Z", "history_change_reason": null, "history_type": "~", "history_user": 1}}, {"model": "MyShop.historicalstudentadmission", "pk": 15, "fields": {"id": 2, "Date_of_admission": "2026-02-07", "student_id_no": "DNSM-24-25-0002", "Admission_roll": 125545, "test_score": 75, "merit_score": 110, "merit_position": 5421, "approved": false, "student": 10, "Program_Name": 1, "Session": 2, "history_date": "2026-02-16T18:04:22.346Z", "history_change_reason": null, "history_type": "~", "history_user": 1}}, {"model": "MyShop.historicalstudentadmission", "pk": 16, "fields": {"id": 2, "Date_of_admission": "2026-02-07", "student_id_no": "DNSM-24-25-0002", "Admission_roll": 125545, "test_score": 75, "merit_score": 110, "merit_position": 5421, "approved": false, "student": 10, "Program_Name": 1, "Session": 1, "history_date": "2026-02-16T18:05:05.229Z", "history_change_reason": null, "history_type": "~", "history_user": 1}}, {"model": "MyShop.historicalstudentadmission", "pk": 17, "fields": {"id": 2, "Date_of_admission": "2026-02-07", "student_id_no": "DNSM-24-25-0002", "Admission_roll": 125545, "test_score": 75, "merit_score": 110, "merit_position": 5421, "approved": false, "student": 10, "Program_Name": 3, "Session": 2, "history_date": "2026-02-16T18:22:55.144Z", "history_change_reason": null, "history_type": "~", "history_user": 1}}, {"model": "MyShop.historicalstudentadmission", "pk": 18, "fields": {"id": 2, "Date_of_admission": "2026-02-07", "student_id_no": "DNSM-24-25-0002", "Admission_roll": 125545, "test_score": 75, "merit_score": 110, "merit_position": 5421, "approved": false, "student": 10, "Program_Name": 3, "Session": 1, "history_date": "2026-02-16T18:29:12.605Z", "history_change_reason": null, "history_type": "~", "history_user": 1}}, {"model": "MyShop.historicalstudentadmission", "pk": 19, "fields": {"id": 6, "Date_of_admission": "2026-02-18", "student_id_no": "DNSM-2526-0004", "Admission_roll": 255441, "test_score": 40, "merit_score": 75, "merit_position": 1552554, "approved": false, "student": 5, "Program_Name": 1, "Session": 2, "history_date": "2026-02-16T18:32:06.903Z", "history_change_reason": null, "history_type": "+", "history_user": 5}}, {"model": "MyShop.historicalstudentadmission", "pk": 20, "fields": {"id": 3, "Date_of_admission": "2026-02-07", "student_id_no": "BSCB-2526-0001", "Admission_roll": 155554, "test_score": 50, "merit_score": 95, "merit_position": 15482, "approved": false, "student": 9, "Program_Name": 3, "Session": 2, "history_date": "2026-02-16T19:11:02.622Z", "history_change_reason": null, "history_type": "~", "history_user": 1}}, {"model": "MyShop.historicalstudentadmission", "pk": 21, "fields": {"id": 3, "Date_of_admission": "2026-02-07", "student_id_no": "DIM-2526-0001", "Admission_roll": 155554, "test_score": 50, "merit_score": 95, "merit_position": 15482, "approved": false, "student": 9, "Program_Name": 2, "Session": 2, "history_date": "2026-02-16T19:11:13.386Z", "history_change_reason": null, "history_type": "~", "history_user": 1}}, {"model": "MyShop.historicalstudentadmission", "pk": 22, "fields": {"id": 3, "Date_of_admission": "2026-02-07", "student_id_no": "DNSM-24-25-0005", "Admission_roll": 155554, "test_score": 50, "merit_score": 95, "merit_position": 15482, "approved": false, "student": 9, "Program_Name": 1, "Session": 1, "history_date": "2026-02-16T19:11:23.468Z", "history_change_reason": null, "history_type": "~", "history_user": 1}}, {"model": "MyShop.historicalstudentadmission", "pk": 23, "fields": {"id": 3, "Date_of_admission": "2026-02-07", "student_id_no": "DNSM-2526-0005", "Admission_roll": 155554, "test_score": 50, "merit_score": 95, "merit_position": 15482, "approved": false, "student": 9, "Program_Name": 1, "Session": 2, "history_date": "2026-02-16T19:13:21.078Z", "history_change_reason": null, "history_type": "~", "history_user": 1}}, {"model": "MyShop.historicalstudentadmission", "pk": 24, "fields": {"id": 3, "Date_of_admission": "2026-02-07", "student_id_no": "DNSM-2526-0005", "Admission_roll": 155554, "test_score": 50, "merit_score": 95, "merit_position": 15482, "approved": false, "student": 9, "Program_Name": 1, "Session": 2, "history_date": "2026-02-16T19:13:46.497Z", "history_change_reason": null, "history_type": "~", "history_user": 1}}, {"model": "MyShop.historicalstudentadmission", "pk": 25, "fields": {"id": 3, "Date_of_admission": "2026-02-07", "student_id_no": "DNSM-24250005", "Admission_roll": 155554, "test_score": 50, "merit_score": 95, "merit_position": 15482, "approved": false, "student": 9, "Program_Name": 1, "Session": 1, "history_date": "2026-02-16T19:13:54.556Z", "history_change_reason": null, "history_type": "~", "history_user": 1}}, {"model": "MyShop.historicalstudentadmission", "pk": 26, "fields": {"id": 3, "Date_of_admission": "2026-02-07", "student_id_no": "DNSM-26-0005", "Admission_roll": 155554, "test_score": 50, "merit_score": 95, "merit_position": 15482, "approved": false, "student": 9, "Program_Name": 1, "Session": 2, "history_date": "2026-02-16T19:15:36.608Z", "history_change_reason": null, "history_type": "~", "history_user": 1}}, {"model": "MyShop.historicalstudentadmission", "pk": 27, "fields": {"id": 3, "Date_of_admission": "2026-02-07", "student_id_no": "DNSM-250005", "Admission_roll": 155554, "test_score": 50, "merit_score": 95, "merit_position": 15482, "approved": false, "student": 9, "Program_Name": 1, "Session": 1, "history_date": "2026-02-16T19:15:55.853Z", "history_change_reason": null, "history_type": "~", "history_user": 1}}, {"model": "MyShop.historicalstudentadmission", "pk": 28, "fields": {"id": 4, "Date_of_admission": "2026-02-12", "student_id_no": "DNSM-25-0001", "Admission_roll": 252545, "test_score": 45, "merit_score": 85, "merit_position": 2555, "approved": false, "student": 11, "Program_Name": 1, "Session": 1, "history_date": "2026-02-16T19:18:21.105Z", "history_change_reason": null, "history_type": "~", "history_user": 1}}, {"model": "MyShop.historicalstudentadmission", "pk": 29, "fields": {"id": 4, "Date_of_admission": "2026-02-12", "student_id_no": "DNSM-26-0001", "Admission_roll": 252545, "test_score": 45, "merit_score": 85, "merit_position": 2555, "approved": false, "student": 11, "Program_Name": 1, "Session": 2, "history_date": "2026-02-16T19:18:29.754Z", "history_change_reason": null, "history_type": "~", "history_user": 1}}, {"model": "MyShop.historicalstudentadmission", "pk": 30, "fields": {"id": 4, "Date_of_admission": "2026-02-12", "student_id_no": "DNSM-25-0001", "Admission_roll": 252545, "test_score": 45, "merit_score": 85, "merit_position": 2555, "approved": false, "student": 11, "Program_Name": 1, "Session": 1, "history_date": "2026-02-16T19:18:37.202Z", "history_change_reason": null, "history_type": "~", "history_user": 1}}, {"model": "MyShop.historicalstudentadmission", "pk": 31, "fields": {"id": 4, "Date_of_admission": "2026-02-12", "student_id_no": "DNSM-260001", "Admission_roll": 252545, "test_score": 45, "merit_score": 85, "merit_position": 2555, "approved": false, "student": 11, "Program_Name": 1, "Session": 2, "history_date": "2026-02-16T19:19:37.474Z", "history_change_reason": null, "history_type": "~", "history_user": 1}}, {"model": "MyShop.historicalstudentadmission", "pk": 32, "fields": {"id": 4, "Date_of_admission": "2026-02-12", "student_id_no": "DNSM-250006", "Admission_roll": 252545, "test_score": 45, "merit_score": 85, "merit_position": 2555, "approved": false, "student": 11, "Program_Name": 1, "Session": 1, "history_date": "2026-02-16T19:19:46.815Z", "history_change_reason": null, "history_type": "~", "history_user": 1}}, {"model": "MyShop.historicalstudentadmission", "pk": 33, "fields": {"id": 6, "Date_of_admission": "2026-02-18", "student_id_no": "DNSM-260001", "Admission_roll": 255441, "test_score": 40, "merit_score": 75, "merit_position": 1552554, "approved": true, "student": 5, "Program_Name": 1, "Session": 2, "history_date": "2026-02-17T17:27:06.068Z", "history_change_reason": null, "history_type": "~", "history_user": 1}}, {"model": "MyShop.historicalstudentadmission", "pk": 34, "fields": {"id": 6, "Date_of_admission": "2026-02-18", "student_id_no": null, "Admission_roll": 255441, "test_score": 40, "merit_score": 75, "merit_position": 1552554, "approved": false, "student": 5, "Program_Name": 1, "Session": 2, "history_date": "2026-02-17T17:27:13.707Z", "history_change_reason": null, "history_type": "~", "history_user": 1}}, {"model": "MyShop.historicalstudentadmission", "pk": 35, "fields": {"id": 6, "Date_of_admission": "2026-02-18", "student_id_no": "DNSM-260001", "Admission_roll": 255441, "test_score": 40, "merit_score": 75, "merit_position": 1552554, "approved": true, "student": 5, "Program_Name": 1, "Session": 2, "history_date": "2026-02-17T17:27:22.154Z", "history_change_reason": null, "history_type": "~", "history_user": 1}}, {"model": "MyShop.historicalstudentadmission", "pk": 36, "fields": {"id": 6, "Date_of_admission": "2026-02-18", "student_id_no": null, "Admission_roll": 255441, "test_score": 40, "merit_score": 75, "merit_position": 1552554, "approved": false, "student": 5, "Program_Name": 1, "Session": 2, "history_date": "2026-02-17T17:27:30.243Z", "history_change_reason": null, "history_type": "~", "history_user": 1}}, {"model": "MyShop.historicalstudentadmission", "pk": 37, "fields": {"id": 4, "Date_of_admission": "2026-02-12", "student_id_no": null, "Admission_roll": 252545, "test_score": 45, "merit_score": 85, "merit_position": 2555, "approved": false, "student": 11, "Program_Name": 1, "Session": 1, "history_date": "2026-02-17T17:28:01.656Z", "history_change_reason": null, "history_type": "~", "history_user": 1}}, {"model": "MyShop.historicalstudentadmission", "pk": 38, "fields": {"id": 4, "Date_of_admission": "2026-02-12", "student_id_no": "DNSM-250006", "Admission_roll": 252545, "test_score": 45, "merit_score": 85, "merit_position": 2555, "approved": true, "student": 11, "Program_Name": 1, "Session": 1, "history_date": "2026-02-17T17:28:20.143Z", "history_change_reason": null, "history_type": "~", "history_user": 1}}, {"model": "MyShop.historicalstudentadmission", "pk": 39, "fields": {"id": 3, "Date_of_admission": "2026-02-07", "student_id_no": "DNSM-250007", "Admission_roll": 155554, "test_score": 50, "merit_score": 95, "merit_position": 15482, "approved": true, "student": 9, "Program_Name": 1, "Session": 1, "history_date": "2026-02-17T17:50:56.576Z", "history_change_reason": null, "history_type": "~", "history_user": 1}}, {"model": "MyShop.historicalstudentadmission", "pk": 40, "fields": {"id": 3, "Date_of_admission": "2026-02-07", "student_id_no": "DNSM-250007", "Admission_roll": 155554, "test_score": 50, "merit_score": 95, "merit_position": 15482, "approved": true, "student": 9, "Program_Name": 1, "Session": 1, "history_date": "2026-02-17T17:51:09.262Z", "history_change_reason": null, "history_type": "~", "history_user": 1}}, {"model": "MyShop.historicalstudentadmission", "pk": 41, "fields": {"id": 4, "Date_of_admission": "2026-02-12", "student_id_no": "DNSM-250006", "Admission_roll": 252545, "test_score": 45, "merit_score": 85, "merit_position": 2555, "approved": true, "student": 11, "Program_Name": 1, "Session": 1, "history_date": "2026-02-17T17:51:09.298Z", "history_change_reason": null, "history_type": "~", "history_user": 1}}, {"model": "MyShop.historicalstudentadmission", "pk": 42, "fields": {"id": 5, "Date_of_admission": "2026-02-14", "student_id_no": "DNSM-250008", "Admission_roll": 255555, "test_score": 70, "merit_score": 75, "merit_position": 15254, "approved": true, "student": 3, "Program_Name": 1, "Session": 1, "history_date": "2026-02-17T17:51:09.348Z", "history_change_reason": null, "history_type": "~", "history_user": 1}}, {"model": "MyShop.historicalstudentadmission", "pk": 43, "fields": {"id": 2, "Date_of_admission": "2026-02-07", "student_id_no": null, "Admission_roll": 125545, "test_score": 75, "merit_score": 110, "merit_position": 5421, "approved": false, "student": 10, "Program_Name": 3, "Session": 1, "history_date": "2026-02-17T17:54:36.268Z", "history_change_reason": null, "history_type": "~", "history_user": 1}}, {"model": "MyShop.historicalstudentadmission", "pk": 44, "fields": {"id": 2, "Date_of_admission": "2026-02-07", "student_id_no": "BSCB-250001", "Admission_roll": 125545, "test_score": 75, "merit_score": 110, "merit_position": 5421, "approved": true, "student": 10, "Program_Name": 3, "Session": 1, "history_date": "2026-02-17T17:54:41.807Z", "history_change_reason": null, "history_type": "~", "history_user": 1}}, {"model": "MyShop.historicalstudentadmission", "pk": 45, "fields": {"id": 5, "Date_of_admission": "2026-02-14", "student_id_no": "DNSM-250008", "Admission_roll": 255555, "test_score": 70, "merit_score": 75, "merit_position": 15254, "approved": true, "student": 3, "Program_Name": 1, "Session": 1, "history_date": "2026-02-17T17:55:31.233Z", "history_change_reason": null, "history_type": "~", "history_user": 1}}, {"model": "MyShop.historicalstudentadmission", "pk": 46, "fields": {"id": 6, "Date_of_admission": "2026-02-18", "student_id_no": "DNSM-260001", "Admission_roll": 255441, "test_score": 40, "merit_score": 75, "merit_position": 1552554, "approved": true, "student": 5, "Program_Name": 1, "Session": 2, "history_date": "2026-02-17T17:55:31.252Z", "history_change_reason": null, "history_type": "~", "history_user": 1}}, {"model": "MyShop.historicalstudentadmission", "pk": 47, "fields": {"id": 6, "Date_of_admission": "2026-02-18", "student_id_no": null, "Admission_roll": 255441, "test_score": 40, "merit_score": 75, "merit_position": 1552554, "approved": false, "student": 5, "Program_Name": 1, "Session": 2, "history_date": "2026-02-17T17:55:47.036Z", "history_change_reason": null, "history_type": "~", "history_user": 1}}, {"model": "MyShop.historicalstudentadmission", "pk": 48, "fields": {"id": 5, "Date_of_admission": "2026-02-14", "student_id_no": null, "Admission_roll": 255555, "test_score": 70, "merit_score": 75, "merit_position": 15254, "approved": false, "student": 3, "Program_Name": 1, "Session": 1, "history_date": "2026-02-17T17:55:47.058Z", "history_change_reason": null, "history_type": "~", "history_user": 1}}, {"model": "MyShop.historicalstudentadmission", "pk": 49, "fields": {"id": 3, "Date_of_admission": "2026-02-07", "student_id_no": "DNSM-250007", "Admission_roll": 155554, "test_score": 50, "merit_score": 95, "merit_position": 15482, "approved": true, "student": 9, "Program_Name": 1, "Session": 1, "history_date": "2026-02-17T17:56:14.326Z", "history_change_reason": null, "history_type": "~", "history_user": 1}}, {"model": "MyShop.historicalstudentadmission", "pk": 50, "fields": {"id": 6, "Date_of_admission": "2026-02-18", "student_id_no": "DNSM-260001", "Admission_roll": 255441, "test_score": 40, "merit_score": 75, "merit_position": 1552554, "approved": true, "student": 5, "Program_Name": 1, "Session": 2, "history_date": "2026-02-17T17:58:40.476Z", "history_change_reason": null, "history_type": "~", "history_user": 1}}, {"model": "MyShop.historicalstudentadmission", "pk": 51, "fields": {"id": 5, "Date_of_admission": "2026-02-14", "student_id_no": "DNSM-250008", "Admission_roll": 255555, "test_score": 70, "merit_score": 75, "merit_position": 15254, "approved": true, "student": 3, "Program_Name": 1, "Session": 1, "history_date": "2026-02-17T17:58:40.529Z", "history_change_reason": null, "history_type": "~", "history_user": 1}}, {"model": "MyShop.historicalstudentadmission", "pk": 52, "fields": {"id": 4, "Date_of_admission": "2026-02-12", "student_id_no": null, "Admission_roll": 252545, "test_score": 45, "merit_score": 85, "merit_position": 2555, "approved": false, "student": 11, "Program_Name": 1, "Session": 1, "history_date": "2026-02-17T18:14:16.514Z", "history_change_reason": null, "history_type": "~", "history_user": 1}}, {"model": "MyShop.historicalstudentadmission", "pk": 53, "fields": {"id": 3, "Date_of_admission": "2026-02-07", "student_id_no": null, "Admission_roll": 155554, "test_score": 50, "merit_score": 95, "merit_position": 15482, "approved": false, "student": 9, "Program_Name": 1, "Session": 1, "history_date": "2026-02-17T18:14:16.542Z", "history_change_reason": null, "history_type": "~", "history_user": 1}}, {"model": "MyShop.historicalstudentadmission", "pk": 54, "fields": {"id": 6, "Date_of_admission": "2026-02-18", "student_id_no": null, "Admission_roll": 255441, "test_score": 40, "merit_score": 75, "merit_position": 1552554, "approved": false, "student": 5, "Program_Name": 1, "Session": 2, "history_date": "2026-02-17T18:14:16.675Z", "history_change_reason": null, "history_type": "~", "history_user": 1}}, {"model": "MyShop.historicalstudentadmission", "pk": 55, "fields": {"id": 5, "Date_of_admission": "2026-02-14", "student_id_no": null, "Admission_roll": 255555, "test_score": 70, "merit_score": 75, "merit_position": 15254, "approved": false, "student": 3, "Program_Name": 1, "Session": 1, "history_date": "2026-02-17T18:14:16.724Z", "history_change_reason": null, "history_type": "~", "history_user": 1}}, {"model": "MyShop.historicalstudentadmission", "pk": 56, "fields": {"id": 2, "Date_of_admission": "2026-02-07", "student_id_no": null, "Admission_roll": 125545, "test_score": 75, "merit_score": 110, "merit_position": 5421, "approved": false, "student": 10, "Program_Name": 3, "Session": 1, "history_date": "2026-02-17T18:14:16.781Z", "history_change_reason": null, "history_type": "~", "history_user": 1}}, {"model": "MyShop.historicalstudentadmission", "pk": 57, "fields": {"id": 4, "Date_of_admission": "2026-02-12", "student_id_no": "DNSM-250001", "Admission_roll": 252545, "test_score": 45, "merit_score": 85, "merit_position": 2555, "approved": true, "student": 11, "Program_Name": 1, "Session": 1, "history_date": "2026-02-17T18:16:26.625Z", "history_change_reason": null, "history_type": "~", "history_user": 1}}, {"model": "MyShop.historicalstudentadmission", "pk": 58, "fields": {"id": 3, "Date_of_admission": "2026-02-07", "student_id_no": "DNSM-250002", "Admission_roll": 155554, "test_score": 50, "merit_score": 95, "merit_position": 15482, "approved": true, "student": 9, "Program_Name": 1, "Session": 1, "history_date": "2026-02-17T18:16:52.349Z", "history_change_reason": null, "history_type": "~", "history_user": 1}}, {"model": "MyShop.historicalstudentadmission", "pk": 59, "fields": {"id": 2, "Date_of_admission": "2026-02-07", "student_id_no": "BSCB-250001", "Admission_roll": 125545, "test_score": 75, "merit_score": 110, "merit_position": 5421, "approved": true, "student": 10, "Program_Name": 3, "Session": 1, "history_date": "2026-02-17T18:16:52.398Z", "history_change_reason": null, "history_type": "~", "history_user": 1}}, {"model": "MyShop.historicalstudentadmission", "pk": 60, "fields": {"id": 2, "Date_of_admission": "2026-02-07", "student_id_no": null, "Admission_roll": 125545, "test_score": 75, "merit_score": 110, "merit_position": 5421, "approved": false, "student": 10, "Program_Name": 3, "Session": 1, "history_date": "2026-02-17T18:21:47.083Z", "history_change_reason": null, "history_type": "~", "history_user": 1}}, {"model": "MyShop.historicalstudentadmission", "pk": 61, "fields": {"id": 4, "Date_of_admission": "2026-02-12", "student_id_no": null, "Admission_roll": 252545, "test_score": 45, "merit_score": 85, "merit_position": 2555, "approved": false, "student": 11, "Program_Name": 1, "Session": 1, "history_date": "2026-02-17T18:21:47.116Z", "history_change_reason": null, "history_type": "~", "history_user": 1}}, {"model": "MyShop.historicalstudentadmission", "pk": 62, "fields": {"id": 3, "Date_of_admission": "2026-02-07", "student_id_no": null, "Admission_roll": 155554, "test_score": 50, "merit_score": 95, "merit_position": 15482, "approved": false, "student": 9, "Program_Name": 1, "Session": 1, "history_date": "2026-02-17T18:21:47.109Z", "history_change_reason": null, "history_type": "~", "history_user": 1}}, {"model": "MyShop.historicalstudentadmission", "pk": 63, "fields": {"id": 1, "Date_of_admission": "2026-01-10", "student_id_no": "DNSM-250001", "Admission_roll": 11111, "test_score": 50, "merit_score": 85, "merit_position": 120, "approved": true, "student": 1, "Program_Name": 1, "Session": 1, "history_date": "2026-02-17T18:37:59.126Z", "history_change_reason": null, "history_type": "~", "history_user": 1}}, {"model": "MyShop.historicalstudentadmission", "pk": 64, "fields": {"id": 1, "Date_of_admission": "2026-01-10", "student_id_no": null, "Admission_roll": 11111, "test_score": 50, "merit_score": 85, "merit_position": 120, "approved": false, "student": 1, "Program_Name": 1, "Session": 1, "history_date": "2026-02-17T18:38:07.408Z", "history_change_reason": null, "history_type": "~", "history_user": 1}}, {"model": "MyShop.historicalstudentadmission", "pk": 65, "fields": {"id": 1, "Date_of_admission": "2026-01-10", "student_id_no": "DNSM-250001", "Admission_roll": 11111, "test_score": 50, "merit_score": 85, "merit_position": 120, "approved": true, "student": 1, "Program_Name": 1, "Session": 1, "history_date": "2026-02-17T18:38:21.144Z", "history_change_reason": null, "history_type": "~", "history_user": 1}}, {"model": "MyShop.historicalstudentadmission", "pk": 66, "fields": {"id": 5, "Date_of_admission": "2026-02-14", "student_id_no": "DNSM-250002", "Admission_roll": 255555, "test_score": 70, "merit_score": 75, "merit_position": 15254, "approved": true, "student": 3, "Program_Name": 1, "Session": 1, "history_date": "2026-02-17T18:38:21.272Z", "history_change_reason": null, "history_type": "~", "history_user": 1}}, {"model": "MyShop.historicalstudentadmission", "pk": 67, "fields": {"id": 6, "Date_of_admission": "2026-02-18", "student_id_no": "DNSM-260001", "Admission_roll": 255441, "test_score": 40, "merit_score": 75, "merit_position": 1552554, "approved": true, "student": 5, "Program_Name": 1, "Session": 2, "history_date": "2026-02-17T18:38:21.338Z", "history_change_reason": null, "history_type": "~", "history_user": 1}}, {"model": "MyShop.historicalstudentadmission", "pk": 68, "fields": {"id": 4, "Date_of_admission": "2026-02-12", "student_id_no": "DNSM-250003", "Admission_roll": 252545, "test_score": 45, "merit_score": 85, "merit_position": 2555, "approved": true, "student": 11, "Program_Name": 1, "Session": 1, "history_date": "2026-02-17T18:38:21.413Z", "history_change_reason": null, "history_type": "~", "history_user": 1}}, {"model": "MyShop.historicalstudentadmission", "pk": 69, "fields": {"id": 3, "Date_of_admission": "2026-02-07", "student_id_no": "DNSM-250004", "Admission_roll": 155554, "test_score": 50, "merit_score": 95, "merit_position": 15482, "approved": true, "student": 9, "Program_Name": 1, "Session": 1, "history_date": "2026-02-17T18:38:21.458Z", "history_change_reason": null, "history_type": "~", "history_user": 1}}, {"model": "MyShop.historicalstudentadmission", "pk": 70, "fields": {"id": 2, "Date_of_admission": "2026-02-07", "student_id_no": "BSCB-250001", "Admission_roll": 125545, "test_score": 75, "merit_score": 110, "merit_position": 5421, "approved": true, "student": 10, "Program_Name": 3, "Session": 1, "history_date": "2026-02-17T18:38:21.595Z", "history_change_reason": null, "history_type": "~", "history_user": 1}}, {"model": "MyShop.historicalstudentadmission", "pk": 71, "fields": {"id": 6, "Date_of_admission": "2026-02-18", "student_id_no": "DNSM-260001", "Admission_roll": 255441, "test_score": 40, "merit_score": 75, "merit_position": 1552554, "approved": true, "student": 5, "Program_Name": 1, "Session": 2, "history_date": "2026-02-17T18:38:35.107Z", "history_change_reason": null, "history_type": "~", "history_user": 1}}, {"model": "MyShop.historicalstudentadmission", "pk": 72, "fields": {"id": 5, "Date_of_admission": "2026-02-14", "student_id_no": "DNSM-250002", "Admission_roll": 255555, "test_score": 70, "merit_score": 75, "merit_position": 15254, "approved": true, "student": 3, "Program_Name": 1, "Session": 1, "history_date": "2026-02-17T18:38:35.186Z", "history_change_reason": null, "history_type": "~", "history_user": 1}}, {"model": "MyShop.historicalstudentadmission", "pk": 73, "fields": {"id": 4, "Date_of_admission": "2026-02-12", "student_id_no": "DNSM-250003", "Admission_roll": 252545, "test_score": 45, "merit_score": 85, "merit_position": 2555, "approved": true, "student": 11, "Program_Name": 1, "Session": 1, "history_date": "2026-02-17T18:38:35.246Z", "history_change_reason": null, "history_type": "~", "history_user": 1}}, {"model": "MyShop.historicalstudentadmission", "pk": 74, "fields": {"id": 1, "Date_of_admission": "2026-01-10", "student_id_no": "DNSM-250001", "Admission_roll": 11111, "test_score": 50, "merit_score": 85, "merit_position": 120, "approved": true, "student": 1, "Program_Name": 1, "Session": 1, "history_date": "2026-02-17T18:38:35.163Z", "history_change_reason": null, "history_type": "~", "history_user": 1}}, {"model": "MyShop.historicalstudentadmission", "pk": 75, "fields": {"id": 3, "Date_of_admission": "2026-02-07", "student_id_no": "DNSM-250004", "Admission_roll": 155554, "test_score": 50, "merit_score": 95, "merit_position": 15482, "approved": true, "student": 9, "Program_Name": 1, "Session": 1, "history_date": "2026-02-17T18:38:35.291Z", "history_change_reason": null, "history_type": "~", "history_user": 1}}, {"model": "MyShop.historicalstudentadmission", "pk": 76, "fields": {"id": 4, "Date_of_admission": "2026-02-12", "student_id_no": null, "Admission_roll": 252545, "test_score": 45, "merit_score": 85, "merit_position": 2555, "approved": false, "student": 11, "Program_Name": 1, "Session": 1, "history_date": "2026-02-17T18:38:50.113Z", "history_change_reason": null, "history_type": "~", "history_user": 1}}, {"model": "MyShop.historicalstudentadmission", "pk": 77, "fields": {"id": 1, "Date_of_admission": "2026-01-10", "student_id_no": null, "Admission_roll": 11111, "test_score": 50, "merit_score": 85, "merit_position": 120, "approved": false, "student": 1, "Program_Name": 1, "Session": 1, "history_date": "2026-02-17T18:38:50.160Z", "history_change_reason": null, "history_type": "~", "history_user": 1}}, {"model": "MyShop.historicalstudentadmission", "pk": 78, "fields": {"id": 6, "Date_of_admission": "2026-02-18", "student_id_no": null, "Admission_roll": 255441, "test_score": 40, "merit_score": 75, "merit_position": 1552554, "approved": false, "student": 5, "Program_Name": 1, "Session": 2, "history_date": "2026-02-17T18:38:50.209Z", "history_change_reason": null, "history_type": "~", "history_user": 1}}, {"model": "MyShop.historicalstudentadmission", "pk": 79, "fields": {"id": 3, "Date_of_admission": "2026-02-07", "student_id_no": null, "Admission_roll": 155554, "test_score": 50, "merit_score": 95, "merit_position": 15482, "approved": false, "student": 9, "Program_Name": 1, "Session": 1, "history_date": "2026-02-17T18:38:50.241Z", "history_change_reason": null, "history_type": "~", "history_user": 1}}, {"model": "MyShop.historicalstudentadmission", "pk": 80, "fields": {"id": 5, "Date_of_admission": "2026-02-14", "student_id_no": null, "Admission_roll": 255555, "test_score": 70, "merit_score": 75, "merit_position": 15254, "approved": false, "student": 3, "Program_Name": 1, "Session": 1, "history_date": "2026-02-17T18:38:50.279Z", "history_change_reason": null, "history_type": "~", "history_user": 1}}, {"model": "MyShop.historicalstudentadmission", "pk": 81, "fields": {"id": 2, "Date_of_admission": "2026-02-07", "student_id_no": null, "Admission_roll": 125545, "test_score": 75, "merit_score": 110, "merit_position": 5421, "approved": false, "student": 10, "Program_Name": 3, "Session": 1, "history_date": "2026-02-17T18:40:34.725Z", "history_change_reason": null, "history_type": "~", "history_user": 1}}, {"model": "MyShop.historicalstudentadmission", "pk": 82, "fields": {"id": 4, "Date_of_admission": "2026-02-12", "student_id_no": "DNSM-250001", "Admission_roll": 252545, "test_score": 45, "merit_score": 85, "merit_position": 2555, "approved": true, "student": 11, "Program_Name": 1, "Session": 1, "history_date": "2026-02-17T18:40:47.677Z", "history_change_reason": null, "history_type": "~", "history_user": 1}}, {"model": "MyShop.historicalstudentadmission", "pk": 83, "fields": {"id": 2, "Date_of_admission": "2026-02-07", "student_id_no": null, "Admission_roll": 125545, "test_score": 75, "merit_score": 110, "merit_position": 5421, "approved": false, "student": 10, "Program_Name": 3, "Session": 1, "history_date": "2026-02-17T19:28:43.332Z", "history_change_reason": null, "history_type": "~", "history_user": 1}}, {"model": "MyShop.historicalstudentadmission", "pk": 84, "fields": {"id": 2, "Date_of_admission": "2026-02-07", "student_id_no": "BSCB-250001", "Admission_roll": 125545, "test_score": 75, "merit_score": 110, "merit_position": 5421, "approved": true, "student": 10, "Program_Name": 3, "Session": 1, "history_date": "2026-02-17T19:32:12.357Z", "history_change_reason": null, "history_type": "~", "history_user": 1}}, {"model": "MyShop.historicalstudentadmission", "pk": 85, "fields": {"id": 5, "Date_of_admission": "2026-02-14", "student_id_no": "DNSM-250002", "Admission_roll": 255555, "test_score": 70, "merit_score": 75, "merit_position": 15254, "approved": true, "student": 3, "Program_Name": 1, "Session": 1, "history_date": "2026-02-17T19:32:12.388Z", "history_change_reason": null, "history_type": "~", "history_user": 1}}, {"model": "MyShop.historicalstudentadmission", "pk": 86, "fields": {"id": 6, "Date_of_admission": "2026-02-18", "student_id_no": "DNSM-260001", "Admission_roll": 255441, "test_score": 40, "merit_score": 75, "merit_position": 1552554, "approved": true, "student": 5, "Program_Name": 1, "Session": 2, "history_date": "2026-02-17T19:32:12.344Z", "history_change_reason": null, "history_type": "~", "history_user": 1}}, {"model": "MyShop.historicalstudentadmission", "pk": 87, "fields": {"id": 3, "Date_of_admission": "2026-02-07", "student_id_no": "DNSM-250003", "Admission_roll": 155554, "test_score": 50, "merit_score": 95, "merit_position": 15482, "approved": true, "student": 9, "Program_Name": 1, "Session": 1, "history_date": "2026-02-17T19:37:42.692Z", "history_change_reason": null, "history_type": "~", "history_user": 1}}, {"model": "MyShop.historicalstudentadmission", "pk": 88, "fields": {"id": 5, "Date_of_admission": "2026-02-14", "student_id_no": null, "Admission_roll": 255555, "test_score": 70, "merit_score": 75, "merit_position": 15254, "approved": false, "student": 3, "Program_Name": 1, "Session": 1, "history_date": "2026-02-17T19:37:57.969Z", "history_change_reason": null, "history_type": "~", "history_user": 1}}, {"model": "MyShop.historicalstudentadmission", "pk": 89, "fields": {"id": 3, "Date_of_admission": "2026-02-07", "student_id_no": null, "Admission_roll": 155554, "test_score": 50, "merit_score": 95, "merit_position": 15482, "approved": false, "student": 9, "Program_Name": 1, "Session": 1, "history_date": "2026-02-17T19:37:58.002Z", "history_change_reason": null, "history_type": "~", "history_user": 1}}, {"model": "MyShop.historicalstudentadmission", "pk": 90, "fields": {"id": 3, "Date_of_admission": "2026-02-07", "student_id_no": "DNSM-250002", "Admission_roll": 155554, "test_score": 50, "merit_score": 95, "merit_position": 15482, "approved": true, "student": 9, "Program_Name": 1, "Session": 1, "history_date": "2026-02-17T19:38:07.987Z", "history_change_reason": null, "history_type": "~", "history_user": 1}}, {"model": "MyShop.historicalstudentadmission", "pk": 91, "fields": {"id": 7, "Date_of_admission": "2026-02-18", "student_id_no": null, "Admission_roll": 515545, "test_score": 50, "merit_score": 90, "merit_position": 15485, "approved": false, "student": 8, "Program_Name": 3, "Session": 2, "history_date": "2026-02-18T17:26:27.099Z", "history_change_reason": null, "history_type": "+", "history_user": 1}}, {"model": "MyShop.historicalstudentadmission", "pk": 92, "fields": {"id": 7, "Date_of_admission": "2026-02-18", "student_id_no": "BSCB-260001", "Admission_roll": 515545, "test_score": 50, "merit_score": 90, "merit_position": 15485, "approved": true, "student": 8, "Program_Name": 3, "Session": 2, "history_date": "2026-02-18T17:26:58.920Z", "history_change_reason": null, "history_type": "~", "history_user": 1}}, {"model": "MyShop.historicalstudentadmission", "pk": 93, "fields": {"id": 8, "Date_of_admission": "2026-02-18", "student_id_no": null, "Admission_roll": 1545545, "test_score": 50, "merit_score": 90, "merit_position": 2514, "approved": false, "student": 7, "Program_Name": 3, "Session": 2, "history_date": "2026-02-18T17:30:03.224Z", "history_change_reason": null, "history_type": "+", "history_user": 1}}, {"model": "MyShop.historicalstudentadmission", "pk": 94, "fields": {"id": 9, "Date_of_admission": "2026-02-18", "student_id_no": null, "Admission_roll": 252545, "test_score": 50, "merit_score": 95, "merit_position": 2554, "approved": false, "student": 6, "Program_Name": 3, "Session": 2, "history_date": "2026-02-18T17:31:55.910Z", "history_change_reason": null, "history_type": "+", "history_user": 1}}, {"model": "MyShop.historicalstudentadmission", "pk": 95, "fields": {"id": 8, "Date_of_admission": "2026-02-18", "student_id_no": "BSCB-260002", "Admission_roll": 1545545, "test_score": 50, "merit_score": 90, "merit_position": 2514, "approved": true, "student": 7, "Program_Name": 3, "Session": 2, "history_date": "2026-02-18T17:32:20.283Z", "history_change_reason": null, "history_type": "~", "history_user": 1}}, {"model": "MyShop.historicalstudentadmission", "pk": 96, "fields": {"id": 9, "Date_of_admission": "2026-02-18", "student_id_no": "BSCB-260003", "Admission_roll": 252545, "test_score": 50, "merit_score": 95, "merit_position": 2554, "approved": true, "student": 6, "Program_Name": 3, "Session": 2, "history_date": "2026-02-18T17:32:20.327Z", "history_change_reason": null, "history_type": "~", "history_user": 1}}, {"model": "MyShop.historicalstudentadmission", "pk": 97, "fields": {"id": 9, "Date_of_admission": "2026-02-18", "student_id_no": "BSCB-250002", "Admission_roll": 252545, "test_score": 50, "merit_score": 95, "merit_position": 2554, "approved": true, "student": 6, "Program_Name": 3, "Session": 1, "history_date": "2026-02-18T17:32:41.744Z", "history_change_reason": null, "history_type": "~", "history_user": 1}}, {"model": "MyShop.historicalstudentadmission", "pk": 98, "fields": {"id": 9, "Date_of_admission": "2026-02-18", "student_id_no": "BSCB-260003", "Admission_roll": 252545, "test_score": 50, "merit_score": 95, "merit_position": 2554, "approved": true, "student": 6, "Program_Name": 3, "Session": 2, "history_date": "2026-02-18T17:33:28.152Z", "history_change_reason": null, "history_type": "~", "history_user": 1}}, {"model": "MyShop.historicalstudentadmission", "pk": 99, "fields": {"id": 9, "Date_of_admission": "2026-02-18", "student_id_no": "DIM-260001", "Admission_roll": 252545, "test_score": 50, "merit_score": 95, "merit_position": 2554, "approved": true, "student": 6, "Program_Name": 2, "Session": 2, "history_date": "2026-02-18T17:33:51.252Z", "history_change_reason": null, "history_type": "~", "history_user": 1}}, {"model": "MyShop.historicalstudentadmission", "pk": 100, "fields": {"id": 5, "Date_of_admission": "2026-02-14", "student_id_no": "DNSM-250003", "Admission_roll": 255555, "test_score": 70, "merit_score": 75, "merit_position": 15254, "approved": true, "student": 3, "Program_Name": 1, "Session": 1, "history_date": "2026-02-18T17:35:17.736Z", "history_change_reason": null, "history_type": "~", "history_user": 1}}, {"model": "MyShop.historicalstudentadmission", "pk": 101, "fields": {"id": 1, "Date_of_admission": "2026-01-10", "student_id_no": "DNSM-250004", "Admission_roll": 11111, "test_score": 50, "merit_score": 85, "merit_position": 120, "approved": true, "student": 1, "Program_Name": 1, "Session": 1, "history_date": "2026-02-18T18:19:20.654Z", "history_change_reason": null, "history_type": "~", "history_user": 2}}, {"model": "MyShop.historicalstudentadmission", "pk": 102, "fields": {"id": 10, "Date_of_admission": "2026-02-20", "student_id_no": null, "Admission_roll": 225545, "test_score": 54, "merit_score": 86, "merit_position": 25458, "approved": false, "student": 2, "Program_Name": 4, "Session": 2, "history_date": "2026-02-20T15:31:28.740Z", "history_change_reason": null, "history_type": "+", "history_user": 1}}, {"model": "MyShop.historicalstudentadmission", "pk": 103, "fields": {"id": 11, "Date_of_admission": "2026-02-21", "student_id_no": null, "Admission_roll": 2545561, "test_score": 65, "merit_score": 110, "merit_position": 1250, "approved": false, "student": 12, "Program_Name": 3, "Session": 2, "history_date": "2026-02-21T10:21:59.087Z", "history_change_reason": null, "history_type": "+", "history_user": 1}}, {"model": "MyShop.historicalstudentadmission", "pk": 104, "fields": {"id": 11, "Date_of_admission": "2026-02-21", "student_id_no": "BSCB-260003", "Admission_roll": 2545561, "test_score": 65, "merit_score": 110, "merit_position": 1250, "approved": true, "student": 12, "Program_Name": 3, "Session": 2, "history_date": "2026-02-21T10:23:16.687Z", "history_change_reason": null, "history_type": "~", "history_user": 1}}, {"model": "MyShop.historicalstudentadmission", "pk": 105, "fields": {"id": 11, "Date_of_admission": "2026-02-21", "student_id_no": null, "Admission_roll": 2545561, "test_score": 65, "merit_score": 110, "merit_position": 1250, "approved": false, "student": 12, "Program_Name": 3, "Session": 2, "history_date": "2026-02-22T16:47:53.050Z", "history_change_reason": null, "history_type": "~", "history_user": 1}}, {"model": "MyShop.historicalstudentadmission", "pk": 106, "fields": {"id": 11, "Date_of_admission": "2026-02-21", "student_id_no": "BSCB-260003", "Admission_roll": 2545561, "test_score": 65, "merit_score": 110, "merit_position": 1250, "approved": true, "student": 12, "Program_Name": 3, "Session": 2, "history_date": "2026-02-22T16:52:06.547Z", "history_change_reason": null, "history_type": "~", "history_user": 1}}, {"model": "MyShop.historicalstudentadmission", "pk": 107, "fields": {"id": 12, "Date_of_admission": "2026-02-26", "student_id_no": null, "Admission_roll": 254552, "test_score": 48, "merit_score": 95, "merit_position": 13580, "approved": false, "student": 4, "Program_Name": 3, "Session": 2, "history_date": "2026-02-26T17:22:45.560Z", "history_change_reason": null, "history_type": "+", "history_user": 1}}, {"model": "MyShop.historicalstudentadmission", "pk": 108, "fields": {"id": 10, "Date_of_admission": "2026-02-20", "student_id_no": "BSCPB-260001", "Admission_roll": 225545, "test_score": 54, "merit_score": 86, "merit_position": 25458, "approved": true, "student": 2, "Program_Name": 4, "Session": 2, "history_date": "2026-02-27T04:19:42.585Z", "history_change_reason": null, "history_type": "~", "history_user": 1}}, {"model": "MyShop.historicalstudentadmission", "pk": 109, "fields": {"id": 12, "Date_of_admission": "2026-02-26", "student_id_no": "BSCB-260004", "Admission_roll": 254552, "test_score": 48, "merit_score": 95, "merit_position": 13580, "approved": true, "student": 4, "Program_Name": 3, "Session": 2, "history_date": "2026-03-04T17:45:42.337Z", "history_change_reason": null, "history_type": "~", "history_user": 1}}, {"model": "MyShop.historicalstudentadmission", "pk": 110, "fields": {"id": 13, "Date_of_admission": "2026-03-05", "student_id_no": null, "Admission_roll": 255515, "test_score": 50, "merit_score": 90, "merit_position": 15425, "approved": false, "student": 13, "Program_Name": 3, "Session": 2, "history_date": "2026-03-04T19:40:39.994Z", "history_change_reason": null, "history_type": "+", "history_user": 1}}, {"model": "MyShop.studentadmission", "pk": 1, "fields": {"student": 1, "Program_Name": 1, "Date_of_admission": "2026-01-10", "Session": 1, "student_id_no": "DNSM-250004", "Admission_roll": 11111, "test_score": 50, "merit_score": 85, "merit_position": 120, "approved": true}}, {"model": "MyShop.studentadmission", "pk": 2, "fields": {"student": 10, "Program_Name": 3, "Date_of_admission": "2026-02-07", "Session": 1, "student_id_no": "BSCB-250001", "Admission_roll": 125545, "test_score": 75, "merit_score": 110, "merit_position": 5421, "approved": true}}, {"model": "MyShop.studentadmission", "pk": 3, "fields": {"student": 9, "Program_Name": 1, "Date_of_admission": "2026-02-07", "Session": 1, "student_id_no": "DNSM-250002", "Admission_roll": 155554, "test_score": 50, "merit_score": 95, "merit_position": 15482, "approved": true}}, {"model": "MyShop.studentadmission", "pk": 4, "fields": {"student": 11, "Program_Name": 1, "Date_of_admission": "2026-02-12", "Session": 1, "student_id_no": "DNSM-250001", "Admission_roll": 252545, "test_score": 45, "merit_score": 85, "merit_position": 2555, "approved": true}}, {"model": "MyShop.studentadmission", "pk": 5, "fields": {"student": 3, "Program_Name": 1, "Date_of_admission": "2026-02-14", "Session": 1, "student_id_no": "DNSM-250003", "Admission_roll": 255555, "test_score": 70, "merit_score": 75, "merit_position": 15254, "approved": true}}, {"model": "MyShop.studentadmission", "pk": 6, "fields": {"student": 5, "Program_Name": 1, "Date_of_admission": "2026-02-18", "Session": 2, "student_id_no": "DNSM-260001", "Admission_roll": 255441, "test_score": 40, "merit_score": 75, "merit_position": 1552554, "approved": true}}, {"model": "MyShop.studentadmission", "pk": 7, "fields": {"student": 8, "Program_Name": 3, "Date_of_admission": "2026-02-18", "Session": 2, "student_id_no": "BSCB-260001", "Admission_roll": 515545, "test_score": 50, "merit_score": 90, "merit_position": 15485, "approved": true}}, {"model": "MyShop.studentadmission", "pk": 8, "fields": {"student": 7, "Program_Name": 3, "Date_of_admission": "2026-02-18", "Session": 2, "student_id_no": "BSCB-260002", "Admission_roll": 1545545, "test_score": 50, "merit_score": 90, "merit_position": 2514, "approved": true}}, {"model": "MyShop.studentadmission", "pk": 9, "fields": {"student": 6, "Program_Name": 2, "Date_of_admission": "2026-02-18", "Session": 2, "student_id_no": "DIM-260001", "Admission_roll": 252545, "test_score": 50, "merit_score": 95, "merit_position": 2554, "approved": true}}, {"model": "MyShop.studentadmission", "pk": 10, "fields": {"student": 2, "Program_Name": 4, "Date_of_admission": "2026-02-20", "Session": 2, "student_id_no": "BSCPB-260001", "Admission_roll": 225545, "test_score": 54, "merit_score": 86, "merit_position": 25458, "approved": true}}, {"model": "MyShop.studentadmission", "pk": 11, "fields": {"student": 12, "Program_Name": 3, "Date_of_admission": "2026-02-21", "Session": 2, "student_id_no": "BSCB-260003", "Admission_roll": 2545561, "test_score": 65, "merit_score": 110, "merit_position": 1250, "approved": true}}, {"model": "MyShop.studentadmission", "pk": 12, "fields": {"student": 4, "Program_Name": 3, "Date_of_admission": "2026-02-26", "Session": 2, "student_id_no": "BSCB-260004", "Admission_roll": 254552, "test_score": 48, "merit_score": 95, "merit_position": 13580, "approved": true}}, {"model": "MyShop.studentadmission", "pk": 13, "fields": {"student": 13, "Program_Name": 3, "Date_of_admission": "2026-03-05", "Session": 2, "student_id_no": null, "Admission_roll": 255515, "test_score": 50, "merit_score": 90, "merit_position": 15425, "approved": false}}, {"model": "MyShop.historicalmainhead", "pk": 1, "fields": {"id": 1, "main_head_code": "1001", "main_head_name": "Admission Fees", "history_date": "2026-02-09T18:15:13.840Z", "history_change_reason": null, "history_type": "+", "history_user": 1}}, {"model": "MyShop.historicalmainhead", "pk": 2, "fields": {"id": 2, "main_head_code": "2000", "main_head_name": "Tuition Fees", "history_date": "2026-02-09T18:15:40.554Z", "history_change_reason": null, "history_type": "+", "history_user": 1}}, {"model": "MyShop.historicalmainhead", "pk": 3, "fields": {"id": 3, "main_head_code": "3000", "main_head_name": "Tuition Fee", "history_date": "2026-02-10T15:34:54.751Z", "history_change_reason": null, "history_type": "+", "history_user": 1}}, {"model": "MyShop.historicalmainhead", "pk": 4, "fields": {"id": 3, "main_head_code": "3000", "main_head_name": "Registration Fee:", "history_date": "2026-02-10T15:35:10.340Z", "history_change_reason": null, "history_type": "~", "history_user": 1}}, {"model": "MyShop.historicalmainhead", "pk": 5, "fields": {"id": 3, "main_head_code": "3000", "main_head_name": "Registration Fee", "history_date": "2026-02-10T15:35:17.305Z", "history_change_reason": null, "history_type": "~", "history_user": 1}}, {"model": "MyShop.historicalmainhead", "pk": 6, "fields": {"id": 4, "main_head_code": "4000", "main_head_name": "Examination Fee", "history_date": "2026-02-11T05:02:41.071Z", "history_change_reason": null, "history_type": "+", "history_user": 1}}, {"model": "MyShop.historicalmainhead", "pk": 7, "fields": {"id": 1, "main_head_code": "1000", "main_head_name": "Admission Fees", "history_date": "2026-02-11T05:02:47.904Z", "history_change_reason": null, "history_type": "~", "history_user": 1}}, {"model": "MyShop.historicalmainhead", "pk": 8, "fields": {"id": 5, "main_head_code": "5000", "main_head_name": "Lab Fee", "history_date": "2026-02-22T17:27:25.750Z", "history_change_reason": null, "history_type": "+", "history_user": 1}}, {"model": "MyShop.historicalmainhead", "pk": 9, "fields": {"id": 6, "main_head_code": "6000", "main_head_name": "Library Fee", "history_date": "2026-02-22T17:27:36.792Z", "history_change_reason": null, "history_type": "+", "history_user": 1}}, {"model": "MyShop.historicalmainhead", "pk": 10, "fields": {"id": 7, "main_head_code": "7000", "main_head_name": "Residential Fee", "history_date": "2026-02-22T17:29:04.771Z", "history_change_reason": null, "history_type": "+", "history_user": 1}}, {"model": "MyShop.historicalmainhead", "pk": 11, "fields": {"id": 8, "main_head_code": "10001", "main_head_name": "Payroll/Salaries", "history_date": "2026-02-24T15:52:33.636Z", "history_change_reason": null, "history_type": "+", "history_user": 1}}, {"model": "MyShop.historicalmainhead", "pk": 12, "fields": {"id": 1, "main_head_code": "10000", "main_head_name": "Admission Fees", "history_date": "2026-02-24T15:53:24.526Z", "history_change_reason": null, "history_type": "~", "history_user": 1}}, {"model": "MyShop.historicalmainhead", "pk": 13, "fields": {"id": 9, "main_head_code": "110001", "main_head_name": "House Rent", "history_date": "2026-02-24T15:54:14.890Z", "history_change_reason": null, "history_type": "+", "history_user": 1}}, {"model": "MyShop.mainhead", "pk": 1, "fields": {"main_head_code": "10000", "main_head_name": "Admission Fees"}}, {"model": "MyShop.mainhead", "pk": 2, "fields": {"main_head_code": "2000", "main_head_name": "Tuition Fees"}}, {"model": "MyShop.mainhead", "pk": 3, "fields": {"main_head_code": "3000", "main_head_name": "Registration Fee"}}, {"model": "MyShop.mainhead", "pk": 4, "fields": {"main_head_code": "4000", "main_head_name": "Examination Fee"}}, {"model": "MyShop.mainhead", "pk": 5, "fields": {"main_head_code": "5000", "main_head_name": "Lab Fee"}}, {"model": "MyShop.mainhead", "pk": 6, "fields": {"main_head_code": "6000", "main_head_name": "Library Fee"}}, {"model": "MyShop.mainhead", "pk": 7, "fields": {"main_head_code": "7000", "main_head_name": "Residential Fee"}}, {"model": "MyShop.mainhead", "pk": 8, "fields": {"main_head_code": "10001", "main_head_name": "Payroll/Salaries"}}, {"model": "MyShop.mainhead", "pk": 9, "fields": {"main_head_code": "110001", "main_head_name": "House Rent"}}, {"model": "MyShop.historicalpaymenthead", "pk": 1, "fields": {"id": 1, "head_code": "1001", "head_name": "Application Fee", "opening_date": "2026-02-10", "headType": "1", "payment_category": 1, "history_date": "2026-02-09T18:38:22.151Z", "history_change_reason": null, "history_type": "+", "history_user": 1}}, {"model": "MyShop.historicalpaymenthead", "pk": 2, "fields": {"id": 2, "head_code": "1002", "head_name": "Admission Fee", "opening_date": "2026-02-10", "headType": "1", "payment_category": 1, "history_date": "2026-02-09T18:38:56.593Z", "history_change_reason": null, "history_type": "+", "history_user": 1}}, {"model": "MyShop.historicalpaymenthead", "pk": 3, "fields": {"id": 3, "head_code": "2001", "head_name": "Diploma Tuition Fee", "opening_date": "2026-02-11", "headType": "1", "payment_category": 2, "history_date": "2026-02-11T05:03:29.449Z", "history_change_reason": null, "history_type": "+", "history_user": 1}}, {"model": "MyShop.historicalpaymenthead", "pk": 4, "fields": {"id": 4, "head_code": "3001", "head_name": "BNMC Registration Fee", "opening_date": "2026-02-11", "headType": "1", "payment_category": 3, "history_date": "2026-02-11T05:04:08.393Z", "history_change_reason": null, "history_type": "+", "history_user": 1}}, {"model": "MyShop.historicalpaymenthead", "pk": 5, "fields": {"id": 5, "head_code": "3002", "head_name": "BNMC License Registration Fee", "opening_date": "2026-02-11", "headType": "1", "payment_category": 3, "history_date": "2026-02-11T05:04:35.737Z", "history_change_reason": null, "history_type": "+", "history_user": 1}}, {"model": "MyShop.historicalpaymenthead", "pk": 6, "fields": {"id": 4, "head_code": "3001", "head_name": "BNMC Student Registration Fee", "opening_date": "2026-02-11", "headType": "1", "payment_category": 3, "history_date": "2026-02-11T05:04:47.672Z", "history_change_reason": null, "history_type": "~", "history_user": 1}}, {"model": "MyShop.historicalpaymenthead", "pk": 7, "fields": {"id": 6, "head_code": "3003", "head_name": "University Student Registration Fee", "opening_date": "2026-02-11", "headType": "1", "payment_category": 3, "history_date": "2026-02-11T05:05:14.793Z", "history_change_reason": null, "history_type": "+", "history_user": 1}}, {"model": "MyShop.historicalpaymenthead", "pk": 8, "fields": {"id": 7, "head_code": "4001", "head_name": "Diploma Examination Fee (First Year)", "opening_date": "2026-02-11", "headType": "1", "payment_category": 4, "history_date": "2026-02-11T05:05:53.030Z", "history_change_reason": null, "history_type": "+", "history_user": 1}}, {"model": "MyShop.historicalpaymenthead", "pk": 9, "fields": {"id": 8, "head_code": "4002", "head_name": "Diploma Second Year Examination Fee", "opening_date": "2026-02-11", "headType": "1", "payment_category": 4, "history_date": "2026-02-11T05:06:25.298Z", "history_change_reason": null, "history_type": "+", "history_user": 1}}, {"model": "MyShop.historicalpaymenthead", "pk": 10, "fields": {"id": 7, "head_code": "4001", "head_name": "Diploma First Year Examination Fee", "opening_date": "2026-02-11", "headType": "1", "payment_category": 4, "history_date": "2026-02-11T05:06:45.978Z", "history_change_reason": null, "history_type": "~", "history_user": 1}}, {"model": "MyShop.historicalpaymenthead", "pk": 11, "fields": {"id": 9, "head_code": "4003", "head_name": "Diploma Third Year Examination Fee", "opening_date": "2026-02-11", "headType": "1", "payment_category": 4, "history_date": "2026-02-11T05:09:14.167Z", "history_change_reason": null, "history_type": "+", "history_user": 1}}, {"model": "MyShop.historicalpaymenthead", "pk": 12, "fields": {"id": 10, "head_code": "4004", "head_name": "BNMC License Examination Fee", "opening_date": "2026-02-11", "headType": "1", "payment_category": 4, "history_date": "2026-02-11T05:11:01.077Z", "history_change_reason": null, "history_type": "+", "history_user": 1}}, {"model": "MyShop.historicalpaymenthead", "pk": 13, "fields": {"id": 11, "head_code": "2002", "head_name": "BSc Tuition Fee", "opening_date": "2026-02-11", "headType": "1", "payment_category": 2, "history_date": "2026-02-11T05:13:43.698Z", "history_change_reason": null, "history_type": "+", "history_user": 1}}, {"model": "MyShop.historicalpaymenthead", "pk": 14, "fields": {"id": 1, "head_code": "1001", "head_name": "Application Fee", "opening_date": "2026-02-10", "headType": "1", "payment_category": 1, "history_date": "2026-02-13T20:09:13.573Z", "history_change_reason": null, "history_type": "~", "history_user": 1}}, {"model": "MyShop.historicalpaymenthead", "pk": 15, "fields": {"id": 1, "head_code": "1001", "head_name": "Application Fee", "opening_date": "2026-02-10", "headType": "1", "payment_category": 1, "history_date": "2026-02-13T20:10:38.941Z", "history_change_reason": null, "history_type": "~", "history_user": 1}}, {"model": "MyShop.historicalpaymenthead", "pk": 16, "fields": {"id": 1, "head_code": "1001", "head_name": "Application Fee", "opening_date": "2026-02-10", "headType": "1", "payment_category": 1, "history_date": "2026-02-13T20:11:29.095Z", "history_change_reason": null, "history_type": "-", "history_user": 1}}, {"model": "MyShop.historicalpaymenthead", "pk": 17, "fields": {"id": 12, "head_code": "1003", "head_name": "Application Fee", "opening_date": "2026-02-13", "headType": "1", "payment_category": 1, "history_date": "2026-02-13T20:12:18.609Z", "history_change_reason": null, "history_type": "+", "history_user": 1}}, {"model": "MyShop.historicalpaymenthead", "pk": 18, "fields": {"id": 3, "head_code": "2001", "head_name": "Diploma Tuition Fee", "opening_date": "2026-02-11", "headType": "1", "payment_category": 2, "history_date": "2026-02-20T16:38:53.413Z", "history_change_reason": null, "history_type": "~", "history_user": 1}}, {"model": "MyShop.historicalpaymenthead", "pk": 19, "fields": {"id": 2, "head_code": "1002", "head_name": "Admission Fee", "opening_date": "2026-02-10", "headType": "1", "payment_category": 1, "history_date": "2026-02-21T10:52:01.019Z", "history_change_reason": null, "history_type": "~", "history_user": 1}}, {"model": "MyShop.historicalpaymenthead", "pk": 20, "fields": {"id": 2, "head_code": "1002", "head_name": "Admission Fee", "opening_date": "2026-02-10", "headType": "1", "payment_category": 1, "history_date": "2026-02-21T10:52:12.998Z", "history_change_reason": null, "history_type": "-", "history_user": 1}}, {"model": "MyShop.historicalpaymenthead", "pk": 21, "fields": {"id": 13, "head_code": "1004", "head_name": "Admission Fees", "opening_date": "2026-02-21", "headType": "1", "payment_category": 1, "history_date": "2026-02-21T10:53:27.270Z", "history_change_reason": null, "history_type": "+", "history_user": 1}}, {"model": "MyShop.historicalpaymenthead", "pk": 22, "fields": {"id": 14, "head_code": "6001", "head_name": "Library Membership fee", "opening_date": "2026-02-22", "headType": "1", "payment_category": 6, "history_date": "2026-02-22T17:41:45.167Z", "history_change_reason": null, "history_type": "+", "history_user": 1}}, {"model": "MyShop.historicalpaymenthead", "pk": 23, "fields": {"id": 14, "head_code": "60001", "head_name": "Library Membership fee", "opening_date": "2026-02-22", "headType": "1", "payment_category": 6, "history_date": "2026-02-22T17:42:22.981Z", "history_change_reason": null, "history_type": "~", "history_user": 1}}, {"model": "MyShop.historicalpaymenthead", "pk": 24, "fields": {"id": 13, "head_code": "10004", "head_name": "Admission Fees", "opening_date": "2026-02-21", "headType": "1", "payment_category": 1, "history_date": "2026-02-22T17:42:27.363Z", "history_change_reason": null, "history_type": "~", "history_user": 1}}, {"model": "MyShop.historicalpaymenthead", "pk": 25, "fields": {"id": 12, "head_code": "10003", "head_name": "Application Fee", "opening_date": "2026-02-13", "headType": "1", "payment_category": 1, "history_date": "2026-02-22T17:42:36.785Z", "history_change_reason": null, "history_type": "~", "history_user": 1}}, {"model": "MyShop.historicalpaymenthead", "pk": 26, "fields": {"id": 11, "head_code": "20002", "head_name": "BSc Tuition Fee", "opening_date": "2026-02-11", "headType": "1", "payment_category": 2, "history_date": "2026-02-22T17:42:43.442Z", "history_change_reason": null, "history_type": "~", "history_user": 1}}, {"model": "MyShop.historicalpaymenthead", "pk": 27, "fields": {"id": 10, "head_code": "40004", "head_name": "BNMC License Examination Fee", "opening_date": "2026-02-11", "headType": "1", "payment_category": 4, "history_date": "2026-02-22T17:42:49.236Z", "history_change_reason": null, "history_type": "~", "history_user": 1}}, {"model": "MyShop.historicalpaymenthead", "pk": 28, "fields": {"id": 9, "head_code": "40003", "head_name": "Diploma Third Year Examination Fee", "opening_date": "2026-02-11", "headType": "1", "payment_category": 4, "history_date": "2026-02-22T17:42:53.798Z", "history_change_reason": null, "history_type": "~", "history_user": 1}}, {"model": "MyShop.historicalpaymenthead", "pk": 29, "fields": {"id": 8, "head_code": "40002", "head_name": "Diploma Second Year Examination Fee", "opening_date": "2026-02-11", "headType": "1", "payment_category": 4, "history_date": "2026-02-22T17:42:59.680Z", "history_change_reason": null, "history_type": "~", "history_user": 1}}, {"model": "MyShop.historicalpaymenthead", "pk": 30, "fields": {"id": 7, "head_code": "40001", "head_name": "Diploma First Year Examination Fee", "opening_date": "2026-02-11", "headType": "1", "payment_category": 4, "history_date": "2026-02-22T17:43:04.305Z", "history_change_reason": null, "history_type": "~", "history_user": 1}}, {"model": "MyShop.historicalpaymenthead", "pk": 31, "fields": {"id": 6, "head_code": "30003", "head_name": "University Student Registration Fee", "opening_date": "2026-02-11", "headType": "1", "payment_category": 3, "history_date": "2026-02-22T17:43:09.344Z", "history_change_reason": null, "history_type": "~", "history_user": 1}}, {"model": "MyShop.historicalpaymenthead", "pk": 32, "fields": {"id": 5, "head_code": "30002", "head_name": "BNMC License Registration Fee", "opening_date": "2026-02-11", "headType": "1", "payment_category": 3, "history_date": "2026-02-22T17:43:13.724Z", "history_change_reason": null, "history_type": "~", "history_user": 1}}, {"model": "MyShop.historicalpaymenthead", "pk": 33, "fields": {"id": 4, "head_code": "30001", "head_name": "BNMC Student Registration Fee", "opening_date": "2026-02-11", "headType": "1", "payment_category": 3, "history_date": "2026-02-22T17:43:20.365Z", "history_change_reason": null, "history_type": "~", "history_user": 1}}, {"model": "MyShop.historicalpaymenthead", "pk": 34, "fields": {"id": 3, "head_code": "20001", "head_name": "Diploma Tuition Fee", "opening_date": "2026-02-11", "headType": "1", "payment_category": 2, "history_date": "2026-02-22T17:43:26.410Z", "history_change_reason": null, "history_type": "~", "history_user": 1}}, {"model": "MyShop.historicalpaymenthead", "pk": 35, "fields": {"id": 15, "head_code": "70001", "head_name": "Hostel Charge", "opening_date": "2026-02-23", "headType": "1", "payment_category": 7, "history_date": "2026-02-22T18:41:22.159Z", "history_change_reason": null, "history_type": "+", "history_user": 1}}, {"model": "MyShop.historicalpaymenthead", "pk": 36, "fields": {"id": 12, "head_code": "10003", "head_name": "Application Fee", "opening_date": "2026-02-13", "headType": "1", "payment_category": 1, "history_date": "2026-02-24T15:39:15.238Z", "history_change_reason": null, "history_type": "~", "history_user": 1}}, {"model": "MyShop.historicalpaymenthead", "pk": 37, "fields": {"id": 15, "head_code": "70001", "head_name": "Hostel Charge", "opening_date": "2026-02-23", "headType": "1", "payment_category": 7, "history_date": "2026-02-24T15:52:55.324Z", "history_change_reason": null, "history_type": "~", "history_user": 1}}, {"model": "MyShop.historicalpaymenthead", "pk": 38, "fields": {"id": 16, "head_code": "1100011", "head_name": "Office Rent", "opening_date": "2026-02-24", "headType": "2", "payment_category": 9, "history_date": "2026-02-24T15:55:04.798Z", "history_change_reason": null, "history_type": "+", "history_user": 1}}, {"model": "MyShop.historicalpaymenthead", "pk": 39, "fields": {"id": 17, "head_code": "100010", "head_name": "Salary for Teachers", "opening_date": "2026-02-24", "headType": "2", "payment_category": 8, "history_date": "2026-02-24T15:55:38.298Z", "history_change_reason": null, "history_type": "+", "history_user": 1}}, {"model": "MyShop.historicalpaymenthead", "pk": 40, "fields": {"id": 18, "head_code": "100011", "head_name": "Salary for Staffs", "opening_date": "2026-02-24", "headType": "2", "payment_category": 8, "history_date": "2026-02-24T15:56:11.729Z", "history_change_reason": null, "history_type": "+", "history_user": 1}}, {"model": "MyShop.historicalpaymenthead", "pk": 41, "fields": {"id": 19, "head_code": "50001", "head_name": "Lab fee for Diploma", "opening_date": "2026-02-26", "headType": "1", "payment_category": 5, "history_date": "2026-02-26T17:39:56.951Z", "history_change_reason": null, "history_type": "+", "history_user": 1}}, {"model": "MyShop.paymenthead", "pk": 3, "fields": {"head_code": "20001", "head_name": "Diploma Tuition Fee", "opening_date": "2026-02-11", "payment_category": 2, "headType": "1"}}, {"model": "MyShop.paymenthead", "pk": 4, "fields": {"head_code": "30001", "head_name": "BNMC Student Registration Fee", "opening_date": "2026-02-11", "payment_category": 3, "headType": "1"}}, {"model": "MyShop.paymenthead", "pk": 5, "fields": {"head_code": "30002", "head_name": "BNMC License Registration Fee", "opening_date": "2026-02-11", "payment_category": 3, "headType": "1"}}, {"model": "MyShop.paymenthead", "pk": 6, "fields": {"head_code": "30003", "head_name": "University Student Registration Fee", "opening_date": "2026-02-11", "payment_category": 3, "headType": "1"}}, {"model": "MyShop.paymenthead", "pk": 7, "fields": {"head_code": "40001", "head_name": "Diploma First Year Examination Fee", "opening_date": "2026-02-11", "payment_category": 4, "headType": "1"}}, {"model": "MyShop.paymenthead", "pk": 8, "fields": {"head_code": "40002", "head_name": "Diploma Second Year Examination Fee", "opening_date": "2026-02-11", "payment_category": 4, "headType": "1"}}, {"model": "MyShop.paymenthead", "pk": 9, "fields": {"head_code": "40003", "head_name": "Diploma Third Year Examination Fee", "opening_date": "2026-02-11", "payment_category": 4, "headType": "1"}}, {"model": "MyShop.paymenthead", "pk": 10, "fields": {"head_code": "40004", "head_name": "BNMC License Examination Fee", "opening_date": "2026-02-11", "payment_category": 4, "headType": "1"}}, {"model": "MyShop.paymenthead", "pk": 11, "fields": {"head_code": "20002", "head_name": "BSc Tuition Fee", "opening_date": "2026-02-11", "payment_category": 2, "headType": "1"}}, {"model": "MyShop.paymenthead", "pk": 12, "fields": {"head_code": "10003", "head_name": "Application Fee", "opening_date": "2026-02-13", "payment_category": 1, "headType": "1"}}, {"model": "MyShop.paymenthead", "pk": 13, "fields": {"head_code": "10004", "head_name": "Admission Fees", "opening_date": "2026-02-21", "payment_category": 1, "headType": "1"}}, {"model": "MyShop.paymenthead", "pk": 14, "fields": {"head_code": "60001", "head_name": "Library Membership fee", "opening_date": "2026-02-22", "payment_category": 6, "headType": "1"}}, {"model": "MyShop.paymenthead", "pk": 15, "fields": {"head_code": "70001", "head_name": "Hostel Charge", "opening_date": "2026-02-23", "payment_category": 7, "headType": "1"}}, {"model": "MyShop.paymenthead", "pk": 16, "fields": {"head_code": "1100011", "head_name": "Office Rent", "opening_date": "2026-02-24", "payment_category": 9, "headType": "2"}}, {"model": "MyShop.paymenthead", "pk": 17, "fields": {"head_code": "100010", "head_name": "Salary for Teachers", "opening_date": "2026-02-24", "payment_category": 8, "headType": "2"}}, {"model": "MyShop.paymenthead", "pk": 18, "fields": {"head_code": "100011", "head_name": "Salary for Staffs", "opening_date": "2026-02-24", "payment_category": 8, "headType": "2"}}, {"model": "MyShop.paymenthead", "pk": 19, "fields": {"head_code": "50001", "head_name": "Lab fee for Diploma", "opening_date": "2026-02-26", "payment_category": 5, "headType": "1"}}, {"model": "MyShop.historicalfeerate", "pk": 1, "fields": {"id": 1, "amount": "10000.00", "opening_date": "2026-02-11", "payment_head": 2, "history_date": "2026-02-11T05:01:33.335Z", "history_change_reason": null, "history_type": "+", "history_user": 1}}, {"model": "MyShop.historicalfeerate", "pk": 2, "fields": {"id": 2, "amount": "2000.00", "opening_date": "2026-02-11", "payment_head": 1, "history_date": "2026-02-11T05:02:03.559Z", "history_change_reason": null, "history_type": "+", "history_user": 1}}, {"model": "MyShop.historicalfeerate", "pk": 3, "fields": {"id": 2, "amount": "2000.00", "opening_date": "2026-02-11", "payment_head": 2, "history_date": "2026-02-11T05:18:40.502Z", "history_change_reason": null, "history_type": "~", "history_user": 1}}, {"model": "MyShop.historicalfeerate", "pk": 4, "fields": {"id": 3, "amount": "150000.00", "opening_date": "2026-02-11", "payment_head": 3, "history_date": "2026-02-11T15:27:03.607Z", "history_change_reason": null, "history_type": "+", "history_user": 1}}, {"model": "MyShop.historicalfeerate", "pk": 5, "fields": {"id": 4, "amount": "200000.00", "opening_date": "2026-02-11", "payment_head": 11, "history_date": "2026-02-11T15:27:19.866Z", "history_change_reason": null, "history_type": "+", "history_user": 1}}, {"model": "MyShop.historicalfeerate", "pk": 6, "fields": {"id": 5, "amount": "700.00", "opening_date": "2026-02-11", "payment_head": 4, "history_date": "2026-02-11T15:27:41.405Z", "history_change_reason": null, "history_type": "+", "history_user": 1}}, {"model": "MyShop.historicalfeerate", "pk": 7, "fields": {"id": 6, "amount": "2000.00", "opening_date": "2026-02-11", "payment_head": 5, "history_date": "2026-02-11T15:27:59.980Z", "history_change_reason": null, "history_type": "+", "history_user": 1}}, {"model": "MyShop.historicalfeerate", "pk": 8, "fields": {"id": 7, "amount": "2000.00", "opening_date": "2026-02-11", "payment_head": 6, "history_date": "2026-02-11T15:28:15.446Z", "history_change_reason": null, "history_type": "+", "history_user": 1}}, {"model": "MyShop.historicalfeerate", "pk": 9, "fields": {"id": 8, "amount": "2000.00", "opening_date": "2026-02-11", "payment_head": 10, "history_date": "2026-02-11T15:28:29.876Z", "history_change_reason": null, "history_type": "+", "history_user": 1}}, {"model": "MyShop.historicalfeerate", "pk": 10, "fields": {"id": 2, "amount": "2000.00", "opening_date": "2026-02-11", "payment_head": 2, "history_date": "2026-02-13T20:10:50.706Z", "history_change_reason": null, "history_type": "-", "history_user": 1}}, {"model": "MyShop.historicalfeerate", "pk": 11, "fields": {"id": 9, "amount": "2000.00", "opening_date": "2026-02-14", "payment_head": 12, "history_date": "2026-02-13T20:12:40.939Z", "history_change_reason": null, "history_type": "+", "history_user": 1}}, {"model": "MyShop.historicalfeerate", "pk": 12, "fields": {"id": 10, "amount": "2200.00", "opening_date": "2026-02-21", "payment_head": 9, "history_date": "2026-02-21T10:26:46.690Z", "history_change_reason": null, "history_type": "+", "history_user": 1}}, {"model": "MyShop.historicalfeerate", "pk": 13, "fields": {"id": 11, "amount": "22000.00", "opening_date": "2026-02-21", "payment_head": 7, "history_date": "2026-02-21T10:49:36.852Z", "history_change_reason": null, "history_type": "+", "history_user": 1}}, {"model": "MyShop.historicalfeerate", "pk": 14, "fields": {"id": 11, "amount": "2200.00", "opening_date": "2026-02-21", "payment_head": 7, "history_date": "2026-02-21T10:50:56.864Z", "history_change_reason": null, "history_type": "~", "history_user": 1}}, {"model": "MyShop.historicalfeerate", "pk": 15, "fields": {"id": 1, "amount": "10000.00", "opening_date": "2026-02-11", "payment_head": 2, "history_date": "2026-02-21T10:52:13.001Z", "history_change_reason": null, "history_type": "-", "history_user": 1}}, {"model": "MyShop.historicalfeerate", "pk": 16, "fields": {"id": 12, "amount": "2000.00", "opening_date": "2026-02-21", "payment_head": 13, "history_date": "2026-02-21T10:56:39.525Z", "history_change_reason": null, "history_type": "+", "history_user": 1}}, {"model": "MyShop.historicalfeerate", "pk": 17, "fields": {"id": 12, "amount": "2000.00", "opening_date": "2026-02-21", "payment_head": 13, "history_date": "2026-02-22T17:08:49.235Z", "history_change_reason": null, "history_type": "~", "history_user": 1}}, {"model": "MyShop.historicalfeerate", "pk": 18, "fields": {"id": 13, "amount": "2500.00", "opening_date": "2026-02-27", "payment_head": 19, "history_date": "2026-02-26T18:20:28.434Z", "history_change_reason": null, "history_type": "+", "history_user": 1}}, {"model": "MyShop.historicalfeerate", "pk": 19, "fields": {"id": 13, "amount": "2500.00", "opening_date": "2026-02-27", "payment_head": 19, "history_date": "2026-02-26T18:28:34.215Z", "history_change_reason": null, "history_type": "~", "history_user": 1}}, {"model": "MyShop.historicalfeerate", "pk": 20, "fields": {"id": 14, "amount": "20000.00", "opening_date": "2026-02-27", "payment_head": 15, "history_date": "2026-02-26T18:28:52.880Z", "history_change_reason": null, "history_type": "+", "history_user": 1}}, {"model": "MyShop.historicalfeerate", "pk": 21, "fields": {"id": 15, "amount": "2000.00", "opening_date": "2026-02-27", "payment_head": 14, "history_date": "2026-02-26T18:29:56.217Z", "history_change_reason": null, "history_type": "+", "history_user": 1}}, {"model": "MyShop.historicalfeerate", "pk": 22, "fields": {"id": 14, "amount": "3000.00", "opening_date": "2026-02-27", "payment_head": 15, "history_date": "2026-03-02T16:42:51.190Z", "history_change_reason": null, "history_type": "~", "history_user": 1}}, {"model": "MyShop.feerate", "pk": 3, "fields": {"payment_head": 3, "amount": "150000.00", "opening_date": "2026-02-11"}}, {"model": "MyShop.feerate", "pk": 4, "fields": {"payment_head": 11, "amount": "200000.00", "opening_date": "2026-02-11"}}, {"model": "MyShop.feerate", "pk": 5, "fields": {"payment_head": 4, "amount": "700.00", "opening_date": "2026-02-11"}}, {"model": "MyShop.feerate", "pk": 6, "fields": {"payment_head": 5, "amount": "2000.00", "opening_date": "2026-02-11"}}, {"model": "MyShop.feerate", "pk": 7, "fields": {"payment_head": 6, "amount": "2000.00", "opening_date": "2026-02-11"}}, {"model": "MyShop.feerate", "pk": 8, "fields": {"payment_head": 10, "amount": "2000.00", "opening_date": "2026-02-11"}}, {"model": "MyShop.feerate", "pk": 9, "fields": {"payment_head": 12, "amount": "2000.00", "opening_date": "2026-02-14"}}, {"model": "MyShop.feerate", "pk": 10, "fields": {"payment_head": 9, "amount": "2200.00", "opening_date": "2026-02-21"}}, {"model": "MyShop.feerate", "pk": 11, "fields": {"payment_head": 7, "amount": "2200.00", "opening_date": "2026-02-21"}}, {"model": "MyShop.feerate", "pk": 12, "fields": {"payment_head": 13, "amount": "2000.00", "opening_date": "2026-02-21"}}, {"model": "MyShop.feerate", "pk": 13, "fields": {"payment_head": 19, "amount": "2500.00", "opening_date": "2026-02-27"}}, {"model": "MyShop.feerate", "pk": 14, "fields": {"payment_head": 15, "amount": "3000.00", "opening_date": "2026-02-27"}}, {"model": "MyShop.feerate", "pk": 15, "fields": {"payment_head": 14, "amount": "2000.00", "opening_date": "2026-02-27"}}, {"model": "MyShop.paymentcontact", "pk": 20, "fields": {"student": 9, "fees": 3, "contact_date": "2026-02-11", "paymentType": "2", "quantity": 1, "discount_type": "2", "discount_value": "10.00", "original_amount": "0.00", "amount": "135000.00"}}, {"model": "MyShop.paymentcontact", "pk": 21, "fields": {"student": 9, "fees": 8, "contact_date": "2026-02-11", "paymentType": "1", "quantity": 1, "discount_type": "1", "discount_value": "0.00", "original_amount": "0.00", "amount": "2000.00"}}, {"model": "MyShop.paymentcontact", "pk": 22, "fields": {"student": 9, "fees": 6, "contact_date": "2026-02-11", "paymentType": "1", "quantity": 1, "discount_type": "1", "discount_value": "0.00", "original_amount": "0.00", "amount": "2000.00"}}, {"model": "MyShop.paymentcontact", "pk": 40, "fields": {"student": 3, "fees": 5, "contact_date": "2026-02-13", "paymentType": "1", "quantity": 1, "discount_type": "1", "discount_value": "0.00", "original_amount": "0.00", "amount": "700.00"}}, {"model": "MyShop.paymentcontact", "pk": 41, "fields": {"student": 3, "fees": 7, "contact_date": "2026-02-13", "paymentType": "1", "quantity": 1, "discount_type": "1", "discount_value": "0.00", "original_amount": "0.00", "amount": "2000.00"}}, {"model": "MyShop.paymentcontact", "pk": 42, "fields": {"student": 3, "fees": 9, "contact_date": "2026-02-13", "paymentType": "1", "quantity": 1, "discount_type": "1", "discount_value": "0.00", "original_amount": "0.00", "amount": "2000.00"}}, {"model": "MyShop.paymentcontact", "pk": 44, "fields": {"student": 3, "fees": 3, "contact_date": "2026-02-13", "paymentType": "2", "quantity": 1, "discount_type": "2", "discount_value": "20.00", "original_amount": "0.00", "amount": "120000.00"}}, {"model": "MyShop.paymentcontact", "pk": 57, "fields": {"student": 8, "fees": 9, "contact_date": "2026-02-18", "paymentType": "1", "quantity": 1, "discount_type": "1", "discount_value": "0.00", "original_amount": "0.00", "amount": "2000.00"}}, {"model": "MyShop.paymentcontact", "pk": 58, "fields": {"student": 7, "fees": 9, "contact_date": "2026-02-18", "paymentType": "1", "quantity": 1, "discount_type": "1", "discount_value": "0.00", "original_amount": "0.00", "amount": "2000.00"}}, {"model": "MyShop.paymentcontact", "pk": 59, "fields": {"student": 6, "fees": 9, "contact_date": "2026-02-18", "paymentType": "1", "quantity": 1, "discount_type": "1", "discount_value": "0.00", "original_amount": "0.00", "amount": "2000.00"}}, {"model": "MyShop.paymentcontact", "pk": 60, "fields": {"student": 5, "fees": 4, "contact_date": "2026-02-18", "paymentType": "1", "quantity": 1, "discount_type": "1", "discount_value": "0.00", "original_amount": "0.00", "amount": "200000.00"}}, {"model": "MyShop.paymentcontact", "pk": 61, "fields": {"student": 1, "fees": 9, "contact_date": "2026-02-18", "paymentType": "1", "quantity": 1, "discount_type": "1", "discount_value": "0.00", "original_amount": "0.00", "amount": "2000.00"}}, {"model": "MyShop.paymentcontact", "pk": 62, "fields": {"student": 2, "fees": 9, "contact_date": "2026-02-20", "paymentType": "1", "quantity": 1, "discount_type": "1", "discount_value": "0.00", "original_amount": "0.00", "amount": "2000.00"}}, {"model": "MyShop.paymentcontact", "pk": 64, "fields": {"student": 2, "fees": 4, "contact_date": "2026-02-20", "paymentType": "1", "quantity": 1, "discount_type": "2", "discount_value": "25.00", "original_amount": "0.00", "amount": "150000.00"}}, {"model": "MyShop.paymentcontact", "pk": 71, "fields": {"student": 12, "fees": 10, "contact_date": "2026-02-21", "paymentType": "1", "quantity": 1, "discount_type": "1", "discount_value": "0.00", "original_amount": "0.00", "amount": "2200.00"}}, {"model": "MyShop.paymentcontact", "pk": 72, "fields": {"student": 12, "fees": 4, "contact_date": "2026-02-21", "paymentType": "1", "quantity": 1, "discount_type": "2", "discount_value": "10.00", "original_amount": "0.00", "amount": "180000.00"}}, {"model": "MyShop.paymentcontact", "pk": 146, "fields": {"student": 11, "fees": 14, "contact_date": "2026-02-12", "paymentType": "2", "quantity": 12, "discount_type": "2", "discount_value": "10.00", "original_amount": "3000.00", "amount": "32400.00"}}, {"model": "MyShop.paymentcontact", "pk": 147, "fields": {"student": 11, "fees": 9, "contact_date": "2026-02-12", "paymentType": "1", "quantity": 1, "discount_type": "1", "discount_value": "500.00", "original_amount": "2000.00", "amount": "1500.00"}}, {"model": "MyShop.paymentcontact", "pk": 148, "fields": {"student": 11, "fees": 3, "contact_date": "2026-02-12", "paymentType": "2", "quantity": 1, "discount_type": "2", "discount_value": "20.00", "original_amount": "150000.00", "amount": "120000.00"}}, {"model": "MyShop.paymentcontact", "pk": 149, "fields": {"student": 11, "fees": 5, "contact_date": "2026-02-12", "paymentType": "1", "quantity": 1, "discount_type": "1", "discount_value": "0.00", "original_amount": "700.00", "amount": "700.00"}}, {"model": "MyShop.paymentcontact", "pk": 150, "fields": {"student": 11, "fees": 6, "contact_date": "2026-02-12", "paymentType": "1", "quantity": 1, "discount_type": "1", "discount_value": "0.00", "original_amount": "2000.00", "amount": "2000.00"}}, {"model": "MyShop.paymentcontact", "pk": 151, "fields": {"student": 11, "fees": 8, "contact_date": "2026-02-12", "paymentType": "1", "quantity": 5, "discount_type": "1", "discount_value": "0.00", "original_amount": "2000.00", "amount": "10000.00"}}, {"model": "MyShop.paymentcontact", "pk": 152, "fields": {"student": 10, "fees": 3, "contact_date": "2026-02-11", "paymentType": "1", "quantity": 1, "discount_type": "2", "discount_value": "20.00", "original_amount": "150000.00", "amount": "120000.00"}}, {"model": "MyShop.paymentcontact", "pk": 153, "fields": {"student": 10, "fees": 14, "contact_date": "2026-02-11", "paymentType": "2", "quantity": 1, "discount_type": "1", "discount_value": "500.00", "original_amount": "3000.00", "amount": "2500.00"}}, {"model": "MyShop.paymentcontact", "pk": 157, "fields": {"student": 4, "fees": 11, "contact_date": "2026-03-04", "paymentType": "1", "quantity": 1, "discount_type": "1", "discount_value": "0.00", "original_amount": "2200.00", "amount": "2200.00"}}, {"model": "MyShop.paymentcontact", "pk": 158, "fields": {"student": 4, "fees": 15, "contact_date": "2026-03-04", "paymentType": "1", "quantity": 1, "discount_type": "1", "discount_value": "0.00", "original_amount": "2000.00", "amount": "2000.00"}}, {"model": "MyShop.paymentcontact", "pk": 159, "fields": {"student": 4, "fees": 8, "contact_date": "2026-03-04", "paymentType": "1", "quantity": 5, "discount_type": "1", "discount_value": "0.00", "original_amount": "2000.00", "amount": "10000.00"}}, {"model": "MyShop.paymentcontact", "pk": 162, "fields": {"student": 13, "fees": 12, "contact_date": "2026-03-04", "paymentType": "1", "quantity": 1, "discount_type": "1", "discount_value": "0.00", "original_amount": "2000.00", "amount": "2000.00"}}, {"model": "MyShop.paymentcontact", "pk": 163, "fields": {"student": 13, "fees": 11, "contact_date": "2026-03-04", "paymentType": "1", "quantity": 1, "discount_type": "1", "discount_value": "0.00", "original_amount": "2200.00", "amount": "2200.00"}}, {"model": "MyShop.paymentcontact", "pk": 164, "fields": {"student": 13, "fees": 4, "contact_date": "2026-03-04", "paymentType": "2", "quantity": 1, "discount_type": "1", "discount_value": "20000.00", "original_amount": "200000.00", "amount": "180000.00"}}, {"model": "MyShop.historicalstudentpayment", "pk": 1, "fields": {"id": 1, "payment_date": "2026-02-26", "paymentType": "1", "discount_type": "1", "discount_value": "500.00", "old_due": 0, "new_due": 1500, "amount": 1500, "total_paid": 0, "payment_approved": false, "invoice_no": null, "student": 2, "fees": 15, "history_date": "2026-02-26T19:40:11.846Z", "history_change_reason": null, "history_type": "+", "history_user": 1}}, {"model": "MyShop.historicalstudentpayment", "pk": 2, "fields": {"id": 2, "payment_date": "2026-02-26", "paymentType": null, "discount_type": "1", "discount_value": "500.00", "old_due": null, "new_due": 1500, "amount": 1500, "total_paid": 0, "payment_approved": false, "invoice_no": null, "student": 2, "fees": 15, "history_date": "2026-02-26T19:48:54.278Z", "history_change_reason": null, "history_type": "+", "history_user": 1}}, {"model": "MyShop.historicalstudentpayment", "pk": 3, "fields": {"id": 3, "payment_date": "2026-02-26", "paymentType": null, "discount_type": "1", "discount_value": "200.00", "old_due": null, "new_due": 2300, "amount": 2300, "total_paid": 0, "payment_approved": false, "invoice_no": null, "student": 2, "fees": 13, "history_date": "2026-02-26T19:48:54.313Z", "history_change_reason": null, "history_type": "+", "history_user": 1}}, {"model": "MyShop.historicalstudentpayment", "pk": 4, "fields": {"id": 4, "payment_date": "2026-03-01", "paymentType": null, "discount_type": "1", "discount_value": "0.00", "old_due": 2300, "new_due": 0, "amount": 2300, "total_paid": 2300, "payment_approved": false, "invoice_no": null, "student": 11, "fees": 8, "history_date": "2026-03-01T18:59:54.892Z", "history_change_reason": null, "history_type": "+", "history_user": 1}}, {"model": "MyShop.historicalstudentpayment", "pk": 5, "fields": {"id": 5, "payment_date": "2026-03-01", "paymentType": null, "discount_type": "1", "discount_value": "0.00", "old_due": 2300, "new_due": 0, "amount": 2300, "total_paid": 2300, "payment_approved": false, "invoice_no": null, "student": 11, "fees": 3, "history_date": "2026-03-01T18:59:54.922Z", "history_change_reason": null, "history_type": "+", "history_user": 1}}, {"model": "MyShop.historicalstudentpayment", "pk": 6, "fields": {"id": 6, "payment_date": "2026-03-01", "paymentType": null, "discount_type": "1", "discount_value": "0.00", "old_due": 117700, "new_due": 107700, "amount": 10000, "total_paid": 10000, "payment_approved": false, "invoice_no": null, "student": 11, "fees": 3, "history_date": "2026-03-01T19:23:30.968Z", "history_change_reason": null, "history_type": "+", "history_user": 1}}, {"model": "MyShop.historicalstudentpayment", "pk": 7, "fields": {"id": 7, "payment_date": "2026-03-01", "paymentType": "1", "discount_type": "1", "discount_value": "0.00", "old_due": 107700, "new_due": 102700, "amount": 5000, "total_paid": 5000, "payment_approved": false, "invoice_no": null, "student": 11, "fees": 3, "history_date": "2026-03-01T19:26:06.378Z", "history_change_reason": null, "history_type": "+", "history_user": 1}}, {"model": "MyShop.historicalstudentpayment", "pk": 8, "fields": {"id": 8, "payment_date": "2026-03-01", "paymentType": "1", "discount_type": "1", "discount_value": "0.00", "old_due": 102700, "new_due": 92700, "amount": 10000, "total_paid": 10000, "payment_approved": false, "invoice_no": null, "student": 11, "fees": 3, "history_date": "2026-03-01T20:09:56.661Z", "history_change_reason": null, "history_type": "+", "history_user": 1}}, {"model": "MyShop.historicalstudentpayment", "pk": 9, "fields": {"id": 9, "payment_date": "2026-03-01", "paymentType": "2", "discount_type": "1", "discount_value": "500.00", "old_due": 2000, "new_due": 0, "amount": 1500, "total_paid": 1500, "payment_approved": false, "invoice_no": null, "student": 11, "fees": 15, "history_date": "2026-03-01T20:09:56.748Z", "history_change_reason": null, "history_type": "+", "history_user": 1}}, {"model": "MyShop.historicalstudentpayment", "pk": 10, "fields": {"id": 10, "payment_date": "2026-03-01", "paymentType": "2", "discount_type": "2", "discount_value": "10.00", "old_due": 20000, "new_due": 0, "amount": 18000, "total_paid": 18000, "payment_approved": false, "invoice_no": null, "student": 11, "fees": 14, "history_date": "2026-03-01T20:09:56.805Z", "history_change_reason": null, "history_type": "+", "history_user": 1}}, {"model": "MyShop.historicalstudentpayment", "pk": 11, "fields": {"id": 11, "payment_date": "2026-03-01", "paymentType": "1", "discount_type": "1", "discount_value": "0.00", "old_due": 92700, "new_due": 87700, "amount": 5000, "total_paid": null, "payment_approved": false, "invoice_no": "INV-383709998", "student": 11, "fees": 3, "history_date": "2026-03-01T20:19:43.760Z", "history_change_reason": null, "history_type": "+", "history_user": 1}}, {"model": "MyShop.historicalstudentpayment", "pk": 12, "fields": {"id": 12, "payment_date": "2026-03-01", "paymentType": "2", "discount_type": "1", "discount_value": "200.00", "old_due": 2000, "new_due": 0, "amount": 1800, "total_paid": null, "payment_approved": false, "invoice_no": "INV-383709998", "student": 11, "fees": 15, "history_date": "2026-03-01T20:19:43.836Z", "history_change_reason": null, "history_type": "+", "history_user": 1}}, {"model": "MyShop.historicalstudentpayment", "pk": 13, "fields": {"id": 13, "payment_date": "2026-03-01", "paymentType": "1", "discount_type": "2", "discount_value": "5.00", "old_due": 20000, "new_due": 14000, "amount": 5000, "total_paid": null, "payment_approved": false, "invoice_no": "INV-383709998", "student": 11, "fees": 14, "history_date": "2026-03-01T20:19:43.896Z", "history_change_reason": null, "history_type": "+", "history_user": 1}}, {"model": "MyShop.historicalstudentpayment", "pk": 14, "fields": {"id": 14, "payment_date": "2026-03-01", "paymentType": "1", "discount_type": "1", "discount_value": "0.00", "old_due": 20000, "new_due": 15000, "amount": 5000, "total_paid": null, "payment_approved": false, "invoice_no": "INV-016695837", "student": 11, "fees": 14, "history_date": "2026-03-01T20:30:16.743Z", "history_change_reason": null, "history_type": "+", "history_user": 1}}, {"model": "MyShop.historicalstudentpayment", "pk": 15, "fields": {"id": 15, "payment_date": "2026-03-02", "paymentType": null, "discount_type": "1", "discount_value": "0.00", "old_due": 14400, "new_due": 9400, "amount": 5000, "total_paid": null, "payment_approved": false, "invoice_no": "INV-225311594", "student": 11, "fees": 14, "history_date": "2026-03-02T17:40:25.328Z", "history_change_reason": null, "history_type": "+", "history_user": 1}}, {"model": "MyShop.historicalstudentpayment", "pk": 16, "fields": {"id": 16, "payment_date": "2026-03-02", "paymentType": null, "discount_type": "2", "discount_value": "5.00", "old_due": 2500, "new_due": 875, "amount": 1500, "total_paid": null, "payment_approved": true, "invoice_no": "INV-540201634", "student": 11, "fees": 13, "history_date": "2026-03-02T17:45:40.224Z", "history_change_reason": null, "history_type": "+", "history_user": 1}}, {"model": "MyShop.historicalstudentpayment", "pk": 17, "fields": {"id": 17, "payment_date": "2026-03-02", "paymentType": null, "discount_type": "1", "discount_value": "0.00", "old_due": 2000, "new_due": 1000, "amount": 1000, "total_paid": null, "payment_approved": true, "invoice_no": "INV-854319782", "student": 11, "fees": 15, "history_date": "2026-03-02T17:50:54.336Z", "history_change_reason": null, "history_type": "+", "history_user": 1}}, {"model": "MyShop.historicalstudentpayment", "pk": 18, "fields": {"id": 18, "payment_date": "2026-03-02", "paymentType": null, "discount_type": "1", "discount_value": "0.00", "old_due": 1500, "new_due": 1000, "amount": 500, "total_paid": null, "payment_approved": true, "invoice_no": "INV-054155837", "student": 11, "fees": 15, "history_date": "2026-03-02T17:54:14.175Z", "history_change_reason": null, "history_type": "+", "history_user": 1}}, {"model": "MyShop.historicalstudentpayment", "pk": 19, "fields": {"id": 19, "payment_date": "2026-03-02", "paymentType": null, "discount_type": "1", "discount_value": "0.00", "old_due": 14400, "new_due": 9400, "amount": 5000, "total_paid": null, "payment_approved": true, "invoice_no": "INV-232983120", "student": 11, "fees": 14, "history_date": "2026-03-02T18:13:53.011Z", "history_change_reason": null, "history_type": "+", "history_user": 1}}, {"model": "MyShop.historicalstudentpayment", "pk": 20, "fields": {"id": 20, "payment_date": "2026-03-02", "paymentType": null, "discount_type": "1", "discount_value": "0.00", "old_due": 2300, "new_due": 300, "amount": 2000, "total_paid": null, "payment_approved": true, "invoice_no": "INV-232983120", "student": 11, "fees": 13, "history_date": "2026-03-02T18:13:53.056Z", "history_change_reason": null, "history_type": "+", "history_user": 1}}, {"model": "MyShop.historicalstudentpayment", "pk": 21, "fields": {"id": 21, "payment_date": "2026-03-02", "paymentType": null, "discount_type": "1", "discount_value": "0.00", "old_due": 0, "new_due": 0, "amount": 0, "total_paid": null, "payment_approved": true, "invoice_no": "INV-232983120", "student": 11, "fees": 15, "history_date": "2026-03-02T18:13:53.082Z", "history_change_reason": null, "history_type": "+", "history_user": 1}}, {"model": "MyShop.historicalstudentpayment", "pk": 22, "fields": {"id": 22, "payment_date": "2026-03-02", "paymentType": null, "discount_type": "1", "discount_value": "0.00", "old_due": 2200, "new_due": 0, "amount": 2200, "total_paid": null, "payment_approved": true, "invoice_no": "INV-232983120", "student": 11, "fees": 10, "history_date": "2026-03-02T18:13:53.105Z", "history_change_reason": null, "history_type": "+", "history_user": 1}}, {"model": "MyShop.historicalstudentpayment", "pk": 23, "fields": {"id": 15, "payment_date": "2026-03-02", "paymentType": null, "discount_type": "1", "discount_value": "0.00", "old_due": 14400, "new_due": 9400, "amount": 5000, "total_paid": null, "payment_approved": false, "invoice_no": "INV-225311594", "student": 11, "fees": 14, "history_date": "2026-03-02T18:25:33.501Z", "history_change_reason": null, "history_type": "-", "history_user": 1}}, {"model": "MyShop.historicalstudentpayment", "pk": 24, "fields": {"id": 14, "payment_date": "2026-03-01", "paymentType": "1", "discount_type": "1", "discount_value": "0.00", "old_due": 20000, "new_due": 15000, "amount": 5000, "total_paid": null, "payment_approved": false, "invoice_no": "INV-016695837", "student": 11, "fees": 14, "history_date": "2026-03-02T18:25:33.505Z", "history_change_reason": null, "history_type": "-", "history_user": 1}}, {"model": "MyShop.historicalstudentpayment", "pk": 25, "fields": {"id": 13, "payment_date": "2026-03-01", "paymentType": "1", "discount_type": "2", "discount_value": "5.00", "old_due": 20000, "new_due": 14000, "amount": 5000, "total_paid": null, "payment_approved": false, "invoice_no": "INV-383709998", "student": 11, "fees": 14, "history_date": "2026-03-02T18:25:33.506Z", "history_change_reason": null, "history_type": "-", "history_user": 1}}, {"model": "MyShop.historicalstudentpayment", "pk": 26, "fields": {"id": 19, "payment_date": "2026-03-02", "paymentType": null, "discount_type": "1", "discount_value": "0.00", "old_due": 14400, "new_due": 9400, "amount": 5000, "total_paid": null, "payment_approved": true, "invoice_no": "INV-232983120", "student": 11, "fees": 14, "history_date": "2026-03-02T18:25:54.460Z", "history_change_reason": null, "history_type": "-", "history_user": 1}}, {"model": "MyShop.historicalstudentpayment", "pk": 27, "fields": {"id": 10, "payment_date": "2026-03-01", "paymentType": "2", "discount_type": "2", "discount_value": "10.00", "old_due": 20000, "new_due": 0, "amount": 18000, "total_paid": 18000, "payment_approved": false, "invoice_no": null, "student": 11, "fees": 14, "history_date": "2026-03-02T18:25:54.463Z", "history_change_reason": null, "history_type": "-", "history_user": 1}}, {"model": "MyShop.historicalstudentpayment", "pk": 28, "fields": {"id": 23, "payment_date": "2026-03-02", "paymentType": null, "discount_type": "1", "discount_value": "0.00", "old_due": 32400, "new_due": 27400, "amount": 5000, "total_paid": null, "payment_approved": true, "invoice_no": "INV-983752134", "student": 11, "fees": 14, "history_date": "2026-03-02T18:26:23.771Z", "history_change_reason": null, "history_type": "+", "history_user": 1}}, {"model": "MyShop.historicalstudentpayment", "pk": 29, "fields": {"id": 24, "payment_date": "2026-03-02", "paymentType": null, "discount_type": "1", "discount_value": "0.00", "old_due": 32400, "new_due": 29400, "amount": 3000, "total_paid": 3000, "payment_approved": true, "invoice_no": "INV-356249451", "student": 11, "fees": 14, "history_date": "2026-03-02T18:32:36.278Z", "history_change_reason": null, "history_type": "+", "history_user": 1}}, {"model": "MyShop.historicalstudentpayment", "pk": 30, "fields": {"id": 25, "payment_date": "2026-03-02", "paymentType": null, "discount_type": "1", "discount_value": "0.00", "old_due": 32400, "new_due": 27400, "amount": 5000, "total_paid": 5000, "payment_approved": true, "invoice_no": "INV-558961768", "student": 11, "fees": 14, "history_date": "2026-03-02T18:35:58.975Z", "history_change_reason": null, "history_type": "+", "history_user": 1}}, {"model": "MyShop.historicalstudentpayment", "pk": 31, "fields": {"id": 26, "payment_date": "2026-03-02", "paymentType": null, "discount_type": "1", "discount_value": "0.00", "old_due": 27400, "new_due": 25400, "amount": 2000, "total_paid": 7000, "payment_approved": true, "invoice_no": "INV-165206", "student": 11, "fees": 14, "history_date": "2026-03-02T19:02:45.224Z", "history_change_reason": null, "history_type": "+", "history_user": 1}}, {"model": "MyShop.historicalstudentpayment", "pk": 32, "fields": {"id": 27, "payment_date": "2026-03-02", "paymentType": null, "discount_type": "1", "discount_value": "0.00", "old_due": 2000, "new_due": 1500, "amount": 500, "total_paid": 500, "payment_approved": true, "invoice_no": "INV-222622", "student": 11, "fees": 15, "history_date": "2026-03-02T19:03:42.638Z", "history_change_reason": null, "history_type": "+", "history_user": 1}}, {"model": "MyShop.historicalstudentpayment", "pk": 33, "fields": {"id": 28, "payment_date": "2026-03-02", "paymentType": null, "discount_type": "2", "discount_value": "10.00", "old_due": 1500, "new_due": 0, "amount": 1350, "total_paid": 1850, "payment_approved": true, "invoice_no": "INV-269506", "student": 11, "fees": 15, "history_date": "2026-03-02T19:04:29.528Z", "history_change_reason": null, "history_type": "+", "history_user": 1}}, {"model": "MyShop.historicalstudentpayment", "pk": 34, "fields": {"id": 29, "payment_date": "2026-03-02", "paymentType": null, "discount_type": "1", "discount_value": "0.00", "old_due": 300, "new_due": 0, "amount": 300, "total_paid": 300, "payment_approved": true, "invoice_no": "INV-438546", "student": 11, "fees": 13, "history_date": "2026-03-02T19:07:18.566Z", "history_change_reason": null, "history_type": "+", "history_user": 1}}, {"model": "MyShop.historicalstudentpayment", "pk": 35, "fields": {"id": 30, "payment_date": "2026-03-02", "paymentType": null, "discount_type": "1", "discount_value": "0.00", "old_due": 2000, "new_due": 1000, "amount": 1000, "total_paid": 2850, "payment_approved": true, "invoice_no": "INV-438546", "student": 11, "fees": 15, "history_date": "2026-03-02T19:07:18.618Z", "history_change_reason": null, "history_type": "+", "history_user": 1}}, {"model": "MyShop.historicalstudentpayment", "pk": 36, "fields": {"id": 31, "payment_date": "2026-03-02", "paymentType": null, "discount_type": "1", "discount_value": "0.00", "old_due": 25400, "new_due": 20400, "amount": 5000, "total_paid": 12000, "payment_approved": true, "invoice_no": "INV-438546", "student": 11, "fees": 14, "history_date": "2026-03-02T19:07:18.648Z", "history_change_reason": null, "history_type": "+", "history_user": 1}}, {"model": "MyShop.historicalstudentpayment", "pk": 37, "fields": {"id": 32, "payment_date": "2026-03-02", "paymentType": null, "discount_type": "1", "discount_value": "0.00", "old_due": 0, "new_due": 0, "amount": 2200, "total_paid": 2200, "payment_approved": true, "invoice_no": "INV-741495", "student": 11, "fees": 11, "history_date": "2026-03-02T19:12:21.514Z", "history_change_reason": null, "history_type": "+", "history_user": 1}}, {"model": "MyShop.historicalstudentpayment", "pk": 38, "fields": {"id": 33, "payment_date": "2026-03-02", "paymentType": null, "discount_type": "1", "discount_value": "0.00", "old_due": 0, "new_due": 700, "amount": 1500, "total_paid": 3700, "payment_approved": true, "invoice_no": "INV-946208", "student": 11, "fees": 11, "history_date": "2026-03-02T19:15:46.237Z", "history_change_reason": null, "history_type": "+", "history_user": 1}}, {"model": "MyShop.historicalstudentpayment", "pk": 39, "fields": {"id": 34, "payment_date": "2026-03-02", "paymentType": null, "discount_type": "1", "discount_value": "0.00", "old_due": 0, "new_due": 500, "amount": 2000, "total_paid": 2300, "payment_approved": true, "invoice_no": "INV-064604", "student": 11, "fees": 13, "history_date": "2026-03-02T19:17:44.619Z", "history_change_reason": null, "history_type": "+", "history_user": 1}}, {"model": "MyShop.historicalstudentpayment", "pk": 40, "fields": {"id": 35, "payment_date": "2026-03-02", "paymentType": null, "discount_type": "1", "discount_value": "200.00", "old_due": 500, "new_due": 0, "amount": 300, "total_paid": 2600, "payment_approved": true, "invoice_no": "INV-099589", "student": 11, "fees": 13, "history_date": "2026-03-02T19:18:19.603Z", "history_change_reason": null, "history_type": "+", "history_user": 1}}, {"model": "MyShop.historicalstudentpayment", "pk": 41, "fields": {"id": 36, "payment_date": "2026-03-02", "paymentType": null, "discount_type": "1", "discount_value": "500.00", "old_due": 1000, "new_due": 0, "amount": 500, "total_paid": 3350, "payment_approved": true, "invoice_no": "INV-203201", "student": 11, "fees": 15, "history_date": "2026-03-02T19:20:03.222Z", "history_change_reason": null, "history_type": "+", "history_user": 1}}, {"model": "MyShop.historicalstudentpayment", "pk": 42, "fields": {"id": 37, "payment_date": "2026-03-02", "paymentType": null, "discount_type": "2", "discount_value": "10.00", "old_due": 0, "new_due": 800, "amount": 1000, "total_paid": 1000, "payment_approved": true, "invoice_no": "INV-274538", "student": 11, "fees": 7, "history_date": "2026-03-02T19:21:14.553Z", "history_change_reason": null, "history_type": "+", "history_user": 1}}, {"model": "MyShop.historicalstudentpayment", "pk": 43, "fields": {"id": 38, "payment_date": "2026-03-02", "paymentType": null, "discount_type": "1", "discount_value": "0.00", "old_due": 20400, "new_due": 10400, "amount": 10000, "total_paid": 22000, "payment_approved": true, "invoice_no": "INV-274538", "student": 11, "fees": 14, "history_date": "2026-03-02T19:21:14.580Z", "history_change_reason": null, "history_type": "+", "history_user": 1}}, {"model": "MyShop.historicalstudentpayment", "pk": 44, "fields": {"id": 39, "payment_date": "2026-03-03", "paymentType": null, "discount_type": "1", "discount_value": "0.00", "old_due": 0, "new_due": 0, "amount": 3000, "total_paid": 3000, "payment_approved": true, "invoice_no": "INV-030906", "student": 5, "fees": 14, "history_date": "2026-03-03T16:23:50.948Z", "history_change_reason": null, "history_type": "+", "history_user": 1}}, {"model": "MyShop.historicalstudentpayment", "pk": 45, "fields": {"id": 40, "payment_date": "2026-03-03", "paymentType": null, "discount_type": "1", "discount_value": "0.00", "old_due": 0, "new_due": 0, "amount": 2000, "total_paid": 2000, "payment_approved": true, "invoice_no": "INV-030906", "student": 5, "fees": 15, "history_date": "2026-03-03T16:23:51.028Z", "history_change_reason": null, "history_type": "+", "history_user": 1}}, {"model": "MyShop.historicalstudentpayment", "pk": 46, "fields": {"id": 41, "payment_date": "2026-03-03", "paymentType": null, "discount_type": "2", "discount_value": "10.00", "old_due": 0, "new_due": 125000, "amount": 10000, "total_paid": 10000, "payment_approved": true, "invoice_no": "INV-030906", "student": 5, "fees": 3, "history_date": "2026-03-03T16:23:51.117Z", "history_change_reason": null, "history_type": "+", "history_user": 1}}, {"model": "MyShop.historicalstudentpayment", "pk": 47, "fields": {"id": 42, "payment_date": "2026-03-03", "paymentType": null, "discount_type": "1", "discount_value": "0.00", "old_due": 125000, "new_due": 105000, "amount": 20000, "total_paid": 30000, "payment_approved": true, "invoice_no": "INV-142812", "student": 5, "fees": 3, "history_date": "2026-03-03T16:25:42.853Z", "history_change_reason": null, "history_type": "+", "history_user": 1}}, {"model": "MyShop.historicalstudentpayment", "pk": 48, "fields": {"id": 43, "payment_date": "2026-03-03", "paymentType": null, "discount_type": "1", "discount_value": "0.00", "old_due": 0, "new_due": 0, "amount": 3000, "total_paid": 3000, "payment_approved": true, "invoice_no": "INV-26030001", "student": 9, "fees": 14, "history_date": "2026-03-03T17:13:49.662Z", "history_change_reason": null, "history_type": "+", "history_user": 1}}, {"model": "MyShop.historicalstudentpayment", "pk": 49, "fields": {"id": 44, "payment_date": "2026-03-03", "paymentType": null, "discount_type": "1", "discount_value": "0.00", "old_due": 0, "new_due": 0, "amount": 2500, "total_paid": 2500, "payment_approved": true, "invoice_no": "INV-26030002", "student": 9, "fees": 13, "history_date": "2026-03-03T17:13:49.722Z", "history_change_reason": null, "history_type": "+", "history_user": 1}}, {"model": "MyShop.historicalstudentpayment", "pk": 50, "fields": {"id": 45, "payment_date": "2026-03-03", "paymentType": null, "discount_type": "1", "discount_value": "0.00", "old_due": 0, "new_due": 0, "amount": 2000, "total_paid": 2000, "payment_approved": true, "invoice_no": "INV-26030003", "student": 9, "fees": 15, "history_date": "2026-03-03T17:17:07.585Z", "history_change_reason": null, "history_type": "+", "history_user": 1}}, {"model": "MyShop.historicalstudentpayment", "pk": 51, "fields": {"id": 46, "payment_date": "2026-03-03", "paymentType": null, "discount_type": "1", "discount_value": "0.00", "old_due": 0, "new_due": 0, "amount": 2500, "total_paid": 5000, "payment_approved": true, "invoice_no": "INV-26030003", "student": 9, "fees": 13, "history_date": "2026-03-03T17:17:07.653Z", "history_change_reason": null, "history_type": "+", "history_user": 1}}, {"model": "MyShop.historicalstudentpayment", "pk": 52, "fields": {"id": 47, "payment_date": "2026-03-03", "paymentType": null, "discount_type": "1", "discount_value": "0.00", "old_due": 0, "new_due": 0, "amount": 3000, "total_paid": 3000, "payment_approved": true, "invoice_no": "INV-26030004", "student": 2, "fees": 14, "history_date": "2026-03-03T17:19:00.543Z", "history_change_reason": null, "history_type": "+", "history_user": 1}}, {"model": "MyShop.historicalstudentpayment", "pk": 53, "fields": {"id": 48, "payment_date": "2026-03-03", "paymentType": null, "discount_type": "1", "discount_value": "0.00", "old_due": 0, "new_due": 0, "amount": 2200, "total_paid": 2200, "payment_approved": true, "invoice_no": "INV-26030004", "student": 2, "fees": 11, "history_date": "2026-03-03T17:19:00.616Z", "history_change_reason": null, "history_type": "+", "history_user": 1}}, {"model": "MyShop.historicalstudentpayment", "pk": 54, "fields": {"id": 49, "payment_date": "2026-03-03", "paymentType": null, "discount_type": "1", "discount_value": "0.00", "old_due": 0, "new_due": 0, "amount": 3000, "total_paid": 3000, "payment_approved": true, "invoice_no": "INV-26030005", "student": 6, "fees": 14, "history_date": "2026-03-03T17:19:25.968Z", "history_change_reason": null, "history_type": "+", "history_user": 1}}, {"model": "MyShop.historicalstudentpayment", "pk": 55, "fields": {"id": 50, "payment_date": "2026-03-03", "paymentType": null, "discount_type": "1", "discount_value": "0.00", "old_due": 0, "new_due": 0, "amount": 2500, "total_paid": 2500, "payment_approved": true, "invoice_no": "INV-26030005", "student": 6, "fees": 13, "history_date": "2026-03-03T17:19:26.044Z", "history_change_reason": null, "history_type": "+", "history_user": 1}}, {"model": "MyShop.historicalstudentpayment", "pk": 56, "fields": {"id": 51, "payment_date": "2026-03-03", "paymentType": null, "discount_type": "1", "discount_value": "0.00", "old_due": 0, "new_due": 0, "amount": 3000, "total_paid": 3000, "payment_approved": true, "invoice_no": "INV-26030006", "student": 7, "fees": 14, "history_date": "2026-03-03T17:33:17.414Z", "history_change_reason": null, "history_type": "+", "history_user": 1}}, {"model": "MyShop.historicalstudentpayment", "pk": 57, "fields": {"id": 52, "payment_date": "2026-03-03", "paymentType": null, "discount_type": "1", "discount_value": "0.00", "old_due": 0, "new_due": 0, "amount": 2000, "total_paid": 2000, "payment_approved": true, "invoice_no": "INV-26030006", "student": 7, "fees": 8, "history_date": "2026-03-03T17:33:17.491Z", "history_change_reason": null, "history_type": "+", "history_user": 1}}, {"model": "MyShop.historicalstudentpayment", "pk": 58, "fields": {"id": 53, "payment_date": "2026-03-03", "paymentType": null, "discount_type": "1", "discount_value": "0.00", "old_due": 0, "new_due": 0, "amount": 2000, "total_paid": 4000, "payment_approved": true, "invoice_no": "INV-26030007", "student": 9, "fees": 15, "history_date": "2026-03-03T19:26:58.001Z", "history_change_reason": null, "history_type": "+", "history_user": 1}}, {"model": "MyShop.historicalstudentpayment", "pk": 59, "fields": {"id": 54, "payment_date": "2026-03-03", "paymentType": null, "discount_type": "1", "discount_value": "0.00", "old_due": 0, "new_due": 1000, "amount": 2000, "total_paid": 5000, "payment_approved": true, "invoice_no": "INV-26030008", "student": 2, "fees": 14, "history_date": "2026-03-03T19:27:38.101Z", "history_change_reason": null, "history_type": "+", "history_user": 1}}, {"model": "MyShop.historicalstudentpayment", "pk": 60, "fields": {"id": 55, "payment_date": "2026-03-03", "paymentType": null, "discount_type": "1", "discount_value": "0.00", "old_due": 1500, "new_due": 0, "amount": 1500, "total_paid": 1500, "payment_approved": true, "invoice_no": "INV-26030008", "student": 2, "fees": 15, "history_date": "2026-03-03T19:27:38.137Z", "history_change_reason": null, "history_type": "+", "history_user": 1}}, {"model": "MyShop.historicalstudentpayment", "pk": 61, "fields": {"id": 56, "payment_date": "2026-03-03", "paymentType": null, "discount_type": "1", "discount_value": "0.00", "old_due": 1000, "new_due": 0, "amount": 1000, "total_paid": 6000, "payment_approved": true, "invoice_no": "INV-26030009", "student": 2, "fees": 14, "history_date": "2026-03-03T19:30:28.885Z", "history_change_reason": null, "history_type": "+", "history_user": 1}}, {"model": "MyShop.historicalstudentpayment", "pk": 62, "fields": {"id": 57, "payment_date": "2026-03-03", "paymentType": null, "discount_type": "1", "discount_value": "0.00", "old_due": 2300, "new_due": 1000, "amount": 1300, "total_paid": 1300, "payment_approved": true, "invoice_no": "INV-26030009", "student": 2, "fees": 13, "history_date": "2026-03-03T19:30:28.918Z", "history_change_reason": null, "history_type": "+", "history_user": 1}}, {"model": "MyShop.historicalstudentpayment", "pk": 63, "fields": {"id": 58, "payment_date": "2026-03-03", "paymentType": null, "discount_type": "1", "discount_value": "0.00", "old_due": 0, "new_due": 0, "amount": 2000, "total_paid": 3500, "payment_approved": true, "invoice_no": "INV-26030010", "student": 2, "fees": 15, "history_date": "2026-03-03T19:36:06.140Z", "history_change_reason": null, "history_type": "+", "history_user": 1}}, {"model": "MyShop.historicalstudentpayment", "pk": 64, "fields": {"id": 59, "payment_date": "2026-03-03", "paymentType": null, "discount_type": "1", "discount_value": "0.00", "old_due": 0, "new_due": 0, "amount": 3000, "total_paid": 9000, "payment_approved": true, "invoice_no": "INV-26030010", "student": 2, "fees": 14, "history_date": "2026-03-03T19:36:06.170Z", "history_change_reason": null, "history_type": "+", "history_user": 1}}, {"model": "MyShop.historicalstudentpayment", "pk": 65, "fields": {"id": 60, "payment_date": "2026-03-03", "paymentType": null, "discount_type": "2", "discount_value": "10.00", "old_due": 0, "new_due": 0, "amount": 2700, "total_paid": 5700, "payment_approved": true, "invoice_no": "INV-26030011", "student": 9, "fees": 14, "history_date": "2026-03-03T19:45:02.682Z", "history_change_reason": null, "history_type": "+", "history_user": 1}}, {"model": "MyShop.historicalstudentpayment", "pk": 66, "fields": {"id": 61, "payment_date": "2026-03-03", "paymentType": null, "discount_type": "1", "discount_value": "0.00", "old_due": 135000, "new_due": 125000, "amount": 10000, "total_paid": 10000, "payment_approved": true, "invoice_no": "INV-26030011", "student": 9, "fees": 3, "history_date": "2026-03-03T19:45:02.725Z", "history_change_reason": null, "history_type": "+", "history_user": 1}}, {"model": "MyShop.historicalstudentpayment", "pk": 67, "fields": {"id": 62, "payment_date": "2026-03-03", "paymentType": null, "discount_type": "1", "discount_value": "0.00", "old_due": 125000, "new_due": 115000, "amount": 10000, "total_paid": 20000, "payment_approved": true, "invoice_no": "INV-26030012", "student": 9, "fees": 3, "history_date": "2026-03-03T19:49:43.025Z", "history_change_reason": null, "history_type": "+", "history_user": 1}}, {"model": "MyShop.historicalstudentpayment", "pk": 68, "fields": {"id": 63, "payment_date": "2026-03-03", "paymentType": null, "discount_type": "1", "discount_value": "0.00", "old_due": 0, "new_due": 0, "amount": 2000, "total_paid": 6000, "payment_approved": true, "invoice_no": "INV-26030012", "student": 9, "fees": 15, "history_date": "2026-03-03T19:49:43.057Z", "history_change_reason": null, "history_type": "+", "history_user": 1}}, {"model": "MyShop.historicalstudentpayment", "pk": 69, "fields": {"id": 64, "payment_date": "2026-03-03", "paymentType": null, "discount_type": "1", "discount_value": "0.00", "old_due": 0, "new_due": 1500, "amount": 1500, "total_paid": 7200, "payment_approved": true, "invoice_no": "INV-26030012", "student": 9, "fees": 14, "history_date": "2026-03-03T19:49:43.086Z", "history_change_reason": null, "history_type": "+", "history_user": 1}}, {"model": "MyShop.historicalstudentpayment", "pk": 70, "fields": {"id": 65, "payment_date": "2026-03-04", "paymentType": null, "discount_type": "1", "discount_value": "0.00", "old_due": 0, "new_due": 0, "amount": 3000, "total_paid": 3000, "payment_approved": true, "invoice_no": "INV-26030013", "student": 12, "fees": 14, "history_date": "2026-03-04T17:19:45.854Z", "history_change_reason": null, "history_type": "+", "history_user": 1}}, {"model": "MyShop.historicalstudentpayment", "pk": 71, "fields": {"id": 66, "payment_date": "2026-03-04", "paymentType": null, "discount_type": "1", "discount_value": "0.00", "old_due": 0, "new_due": 0, "amount": 2000, "total_paid": 2000, "payment_approved": true, "invoice_no": "INV-26030013", "student": 12, "fees": 15, "history_date": "2026-03-04T17:19:45.915Z", "history_change_reason": null, "history_type": "+", "history_user": 1}}, {"model": "MyShop.historicalstudentpayment", "pk": 72, "fields": {"id": 67, "payment_date": "2026-03-04", "paymentType": null, "discount_type": "1", "discount_value": "0.00", "old_due": 1500, "new_due": 0, "amount": 1500, "total_paid": 8700, "payment_approved": true, "invoice_no": "INV-26030014", "student": 9, "fees": 14, "history_date": "2026-03-04T17:31:18.136Z", "history_change_reason": null, "history_type": "+", "history_user": 1}}, {"model": "MyShop.historicalstudentpayment", "pk": 73, "fields": {"id": 68, "payment_date": "2026-03-04", "paymentType": null, "discount_type": "1", "discount_value": "0.00", "old_due": 0, "new_due": 0, "amount": 2500, "total_paid": 7500, "payment_approved": true, "invoice_no": "INV-26030015", "student": 9, "fees": 13, "history_date": "2026-03-04T17:34:12.466Z", "history_change_reason": null, "history_type": "+", "history_user": 1}}, {"model": "MyShop.historicalstudentpayment", "pk": 74, "fields": {"id": 69, "payment_date": "2026-03-04", "paymentType": null, "discount_type": "1", "discount_value": "0.00", "old_due": 0, "new_due": 0, "amount": 3000, "total_paid": 6000, "payment_approved": true, "invoice_no": "INV-26030016", "student": 6, "fees": 14, "history_date": "2026-03-04T17:35:46.349Z", "history_change_reason": null, "history_type": "+", "history_user": 1}}, {"model": "MyShop.historicalstudentpayment", "pk": 75, "fields": {"id": 70, "payment_date": "2026-03-04", "paymentType": null, "discount_type": "1", "discount_value": "0.00", "old_due": 0, "new_due": 1500, "amount": 1500, "total_paid": 7500, "payment_approved": true, "invoice_no": "INV-26030017", "student": 6, "fees": 14, "history_date": "2026-03-04T17:37:19.168Z", "history_change_reason": null, "history_type": "+", "history_user": 1}}, {"model": "MyShop.historicalstudentpayment", "pk": 76, "fields": {"id": 71, "payment_date": "2026-03-04", "paymentType": null, "discount_type": "1", "discount_value": "0.00", "old_due": 0, "new_due": 0, "amount": 2000, "total_paid": 2000, "payment_approved": true, "invoice_no": "INV-26030017", "student": 6, "fees": 15, "history_date": "2026-03-04T17:37:19.218Z", "history_change_reason": null, "history_type": "+", "history_user": 1}}, {"model": "MyShop.historicalstudentpayment", "pk": 77, "fields": {"id": 72, "payment_date": "2026-03-04", "paymentType": null, "discount_type": "1", "discount_value": "500.00", "old_due": 0, "new_due": 0, "amount": 2500, "total_paid": 11500, "payment_approved": true, "invoice_no": "INV-26030018", "student": 2, "fees": 14, "history_date": "2026-03-04T17:40:49.423Z", "history_change_reason": null, "history_type": "+", "history_user": 1}}, {"model": "MyShop.historicalstudentpayment", "pk": 78, "fields": {"id": 73, "payment_date": "2026-03-04", "paymentType": null, "discount_type": "1", "discount_value": "0.00", "old_due": 0, "new_due": 500, "amount": 1500, "total_paid": 5000, "payment_approved": true, "invoice_no": "INV-26030018", "student": 2, "fees": 15, "history_date": "2026-03-04T17:40:49.474Z", "history_change_reason": null, "history_type": "+", "history_user": 1}}, {"model": "MyShop.historicalstudentpayment", "pk": 79, "fields": {"id": 74, "payment_date": "2026-03-04", "paymentType": null, "discount_type": "1", "discount_value": "0.00", "old_due": 0, "new_due": 0, "amount": 3000, "total_paid": 3000, "payment_approved": true, "invoice_no": "INV-26030019", "student": 4, "fees": 14, "history_date": "2026-03-04T17:46:46.562Z", "history_change_reason": null, "history_type": "+", "history_user": 1}}, {"model": "MyShop.historicalstudentpayment", "pk": 80, "fields": {"id": 75, "payment_date": "2026-03-04", "paymentType": null, "discount_type": "1", "discount_value": "0.00", "old_due": 0, "new_due": 1000, "amount": 1500, "total_paid": 1500, "payment_approved": true, "invoice_no": "INV-26030019", "student": 4, "fees": 13, "history_date": "2026-03-04T17:46:46.617Z", "history_change_reason": null, "history_type": "+", "history_user": 1}}, {"model": "MyShop.historicalstudentpayment", "pk": 81, "fields": {"id": 76, "payment_date": "2026-03-04", "paymentType": null, "discount_type": "1", "discount_value": "0.00", "old_due": 0, "new_due": 140000, "amount": 10000, "total_paid": 10000, "payment_approved": true, "invoice_no": "INV-26030019", "student": 4, "fees": 3, "history_date": "2026-03-04T17:46:46.677Z", "history_change_reason": null, "history_type": "+", "history_user": 1}}, {"model": "MyShop.historicalstudentpayment", "pk": 82, "fields": {"id": 77, "payment_date": "2026-03-04", "paymentType": null, "discount_type": "1", "discount_value": "0.00", "old_due": 0, "new_due": 1000, "amount": 2000, "total_paid": 5000, "payment_approved": true, "invoice_no": "INV-26030020", "student": 4, "fees": 14, "history_date": "2026-03-04T17:50:44.771Z", "history_change_reason": null, "history_type": "+", "history_user": 1}}, {"model": "MyShop.historicalstudentpayment", "pk": 83, "fields": {"id": 78, "payment_date": "2026-03-04", "paymentType": null, "discount_type": "1", "discount_value": "0.00", "old_due": 1000, "new_due": 0, "amount": 1000, "total_paid": 2500, "payment_approved": true, "invoice_no": "INV-26030020", "student": 4, "fees": 13, "history_date": "2026-03-04T17:50:44.826Z", "history_change_reason": null, "history_type": "+", "history_user": 1}}, {"model": "MyShop.historicalstudentpayment", "pk": 84, "fields": {"id": 79, "payment_date": "2026-03-04", "paymentType": null, "discount_type": "1", "discount_value": "0.00", "old_due": 0, "new_due": 0, "amount": 2000, "total_paid": 2000, "payment_approved": true, "invoice_no": "INV-26030020", "student": 4, "fees": 15, "history_date": "2026-03-04T17:50:44.886Z", "history_change_reason": null, "history_type": "+", "history_user": 1}}, {"model": "MyShop.historicalstudentpayment", "pk": 85, "fields": {"id": 80, "payment_date": "2026-03-04", "paymentType": null, "discount_type": "1", "discount_value": "0.00", "old_due": 140000, "new_due": 130000, "amount": 10000, "total_paid": 20000, "payment_approved": true, "invoice_no": "INV-26030020", "student": 4, "fees": 3, "history_date": "2026-03-04T17:50:44.930Z", "history_change_reason": null, "history_type": "+", "history_user": 1}}, {"model": "MyShop.studentpayment", "pk": 1, "fields": {"student": 2, "fees": 15, "payment_date": "2026-02-26", "paymentType": "1", "discount_type": "1", "discount_value": "500.00", "old_due": 0, "new_due": 1500, "amount": 1500, "total_paid": 0, "payment_approved": false, "invoice_no": null}}, {"model": "MyShop.studentpayment", "pk": 2, "fields": {"student": 2, "fees": 15, "payment_date": "2026-02-26", "paymentType": null, "discount_type": "1", "discount_value": "500.00", "old_due": null, "new_due": 1500, "amount": 1500, "total_paid": 0, "payment_approved": false, "invoice_no": null}}, {"model": "MyShop.studentpayment", "pk": 3, "fields": {"student": 2, "fees": 13, "payment_date": "2026-02-26", "paymentType": null, "discount_type": "1", "discount_value": "200.00", "old_due": null, "new_due": 2300, "amount": 2300, "total_paid": 0, "payment_approved": false, "invoice_no": null}}, {"model": "MyShop.studentpayment", "pk": 4, "fields": {"student": 11, "fees": 8, "payment_date": "2026-03-01", "paymentType": null, "discount_type": "1", "discount_value": "0.00", "old_due": 2300, "new_due": 0, "amount": 2300, "total_paid": 2300, "payment_approved": false, "invoice_no": null}}, {"model": "MyShop.studentpayment", "pk": 5, "fields": {"student": 11, "fees": 3, "payment_date": "2026-03-01", "paymentType": null, "discount_type": "1", "discount_value": "0.00", "old_due": 2300, "new_due": 0, "amount": 2300, "total_paid": 2300, "payment_approved": false, "invoice_no": null}}, {"model": "MyShop.studentpayment", "pk": 6, "fields": {"student": 11, "fees": 3, "payment_date": "2026-03-01", "paymentType": null, "discount_type": "1", "discount_value": "0.00", "old_due": 117700, "new_due": 107700, "amount": 10000, "total_paid": 10000, "payment_approved": false, "invoice_no": null}}, {"model": "MyShop.studentpayment", "pk": 7, "fields": {"student": 11, "fees": 3, "payment_date": "2026-03-01", "paymentType": "1", "discount_type": "1", "discount_value": "0.00", "old_due": 107700, "new_due": 102700, "amount": 5000, "total_paid": 5000, "payment_approved": false, "invoice_no": null}}, {"model": "MyShop.studentpayment", "pk": 8, "fields": {"student": 11, "fees": 3, "payment_date": "2026-03-01", "paymentType": "1", "discount_type": "1", "discount_value": "0.00", "old_due": 102700, "new_due": 92700, "amount": 10000, "total_paid": 10000, "payment_approved": false, "invoice_no": null}}, {"model": "MyShop.studentpayment", "pk": 9, "fields": {"student": 11, "fees": 15, "payment_date": "2026-03-01", "paymentType": "2", "discount_type": "1", "discount_value": "500.00", "old_due": 2000, "new_due": 0, "amount": 1500, "total_paid": 1500, "payment_approved": false, "invoice_no": null}}, {"model": "MyShop.studentpayment", "pk": 11, "fields": {"student": 11, "fees": 3, "payment_date": "2026-03-01", "paymentType": "1", "discount_type": "1", "discount_value": "0.00", "old_due": 92700, "new_due": 87700, "amount": 5000, "total_paid": null, "payment_approved": false, "invoice_no": "INV-383709998"}}, {"model": "MyShop.studentpayment", "pk": 12, "fields": {"student": 11, "fees": 15, "payment_date": "2026-03-01", "paymentType": "2", "discount_type": "1", "discount_value": "200.00", "old_due": 2000, "new_due": 0, "amount": 1800, "total_paid": null, "payment_approved": false, "invoice_no": "INV-383709998"}}, {"model": "MyShop.studentpayment", "pk": 16, "fields": {"student": 11, "fees": 13, "payment_date": "2026-03-02", "paymentType": null, "discount_type": "2", "discount_value": "5.00", "old_due": 2500, "new_due": 875, "amount": 1500, "total_paid": null, "payment_approved": true, "invoice_no": "INV-540201634"}}, {"model": "MyShop.studentpayment", "pk": 17, "fields": {"student": 11, "fees": 15, "payment_date": "2026-03-02", "paymentType": null, "discount_type": "1", "discount_value": "0.00", "old_due": 2000, "new_due": 1000, "amount": 1000, "total_paid": null, "payment_approved": true, "invoice_no": "INV-854319782"}}, {"model": "MyShop.studentpayment", "pk": 18, "fields": {"student": 11, "fees": 15, "payment_date": "2026-03-02", "paymentType": null, "discount_type": "1", "discount_value": "0.00", "old_due": 1500, "new_due": 1000, "amount": 500, "total_paid": null, "payment_approved": true, "invoice_no": "INV-054155837"}}, {"model": "MyShop.studentpayment", "pk": 20, "fields": {"student": 11, "fees": 13, "payment_date": "2026-03-02", "paymentType": null, "discount_type": "1", "discount_value": "0.00", "old_due": 2300, "new_due": 300, "amount": 2000, "total_paid": null, "payment_approved": true, "invoice_no": "INV-232983120"}}, {"model": "MyShop.studentpayment", "pk": 21, "fields": {"student": 11, "fees": 15, "payment_date": "2026-03-02", "paymentType": null, "discount_type": "1", "discount_value": "0.00", "old_due": 0, "new_due": 0, "amount": 0, "total_paid": null, "payment_approved": true, "invoice_no": "INV-232983120"}}, {"model": "MyShop.studentpayment", "pk": 22, "fields": {"student": 11, "fees": 10, "payment_date": "2026-03-02", "paymentType": null, "discount_type": "1", "discount_value": "0.00", "old_due": 2200, "new_due": 0, "amount": 2200, "total_paid": null, "payment_approved": true, "invoice_no": "INV-232983120"}}, {"model": "MyShop.studentpayment", "pk": 23, "fields": {"student": 11, "fees": 14, "payment_date": "2026-03-02", "paymentType": null, "discount_type": "1", "discount_value": "0.00", "old_due": 32400, "new_due": 27400, "amount": 5000, "total_paid": null, "payment_approved": true, "invoice_no": "INV-983752134"}}, {"model": "MyShop.studentpayment", "pk": 24, "fields": {"student": 11, "fees": 14, "payment_date": "2026-03-02", "paymentType": null, "discount_type": "1", "discount_value": "0.00", "old_due": 32400, "new_due": 29400, "amount": 3000, "total_paid": 3000, "payment_approved": true, "invoice_no": "INV-356249451"}}, {"model": "MyShop.studentpayment", "pk": 25, "fields": {"student": 11, "fees": 14, "payment_date": "2026-03-02", "paymentType": null, "discount_type": "1", "discount_value": "0.00", "old_due": 32400, "new_due": 27400, "amount": 5000, "total_paid": 5000, "payment_approved": true, "invoice_no": "INV-558961768"}}, {"model": "MyShop.studentpayment", "pk": 26, "fields": {"student": 11, "fees": 14, "payment_date": "2026-03-02", "paymentType": null, "discount_type": "1", "discount_value": "0.00", "old_due": 27400, "new_due": 25400, "amount": 2000, "total_paid": 7000, "payment_approved": true, "invoice_no": "INV-165206"}}, {"model": "MyShop.studentpayment", "pk": 27, "fields": {"student": 11, "fees": 15, "payment_date": "2026-03-02", "paymentType": null, "discount_type": "1", "discount_value": "0.00", "old_due": 2000, "new_due": 1500, "amount": 500, "total_paid": 500, "payment_approved": true, "invoice_no": "INV-222622"}}, {"model": "MyShop.studentpayment", "pk": 28, "fields": {"student": 11, "fees": 15, "payment_date": "2026-03-02", "paymentType": null, "discount_type": "2", "discount_value": "10.00", "old_due": 1500, "new_due": 0, "amount": 1350, "total_paid": 1850, "payment_approved": true, "invoice_no": "INV-269506"}}, {"model": "MyShop.studentpayment", "pk": 29, "fields": {"student": 11, "fees": 13, "payment_date": "2026-03-02", "paymentType": null, "discount_type": "1", "discount_value": "0.00", "old_due": 300, "new_due": 0, "amount": 300, "total_paid": 300, "payment_approved": true, "invoice_no": "INV-438546"}}, {"model": "MyShop.studentpayment", "pk": 30, "fields": {"student": 11, "fees": 15, "payment_date": "2026-03-02", "paymentType": null, "discount_type": "1", "discount_value": "0.00", "old_due": 2000, "new_due": 1000, "amount": 1000, "total_paid": 2850, "payment_approved": true, "invoice_no": "INV-438546"}}, {"model": "MyShop.studentpayment", "pk": 31, "fields": {"student": 11, "fees": 14, "payment_date": "2026-03-02", "paymentType": null, "discount_type": "1", "discount_value": "0.00", "old_due": 25400, "new_due": 20400, "amount": 5000, "total_paid": 12000, "payment_approved": true, "invoice_no": "INV-438546"}}, {"model": "MyShop.studentpayment", "pk": 32, "fields": {"student": 11, "fees": 11, "payment_date": "2026-03-02", "paymentType": null, "discount_type": "1", "discount_value": "0.00", "old_due": 0, "new_due": 0, "amount": 2200, "total_paid": 2200, "payment_approved": true, "invoice_no": "INV-741495"}}, {"model": "MyShop.studentpayment", "pk": 33, "fields": {"student": 11, "fees": 11, "payment_date": "2026-03-02", "paymentType": null, "discount_type": "1", "discount_value": "0.00", "old_due": 0, "new_due": 700, "amount": 1500, "total_paid": 3700, "payment_approved": true, "invoice_no": "INV-946208"}}, {"model": "MyShop.studentpayment", "pk": 34, "fields": {"student": 11, "fees": 13, "payment_date": "2026-03-02", "paymentType": null, "discount_type": "1", "discount_value": "0.00", "old_due": 0, "new_due": 500, "amount": 2000, "total_paid": 2300, "payment_approved": true, "invoice_no": "INV-064604"}}, {"model": "MyShop.studentpayment", "pk": 35, "fields": {"student": 11, "fees": 13, "payment_date": "2026-03-02", "paymentType": null, "discount_type": "1", "discount_value": "200.00", "old_due": 500, "new_due": 0, "amount": 300, "total_paid": 2600, "payment_approved": true, "invoice_no": "INV-099589"}}, {"model": "MyShop.studentpayment", "pk": 36, "fields": {"student": 11, "fees": 15, "payment_date": "2026-03-02", "paymentType": null, "discount_type": "1", "discount_value": "500.00", "old_due": 1000, "new_due": 0, "amount": 500, "total_paid": 3350, "payment_approved": true, "invoice_no": "INV-203201"}}, {"model": "MyShop.studentpayment", "pk": 37, "fields": {"student": 11, "fees": 7, "payment_date": "2026-03-02", "paymentType": null, "discount_type": "2", "discount_value": "10.00", "old_due": 0, "new_due": 800, "amount": 1000, "total_paid": 1000, "payment_approved": true, "invoice_no": "INV-274538"}}, {"model": "MyShop.studentpayment", "pk": 38, "fields": {"student": 11, "fees": 14, "payment_date": "2026-03-02", "paymentType": null, "discount_type": "1", "discount_value": "0.00", "old_due": 20400, "new_due": 10400, "amount": 10000, "total_paid": 22000, "payment_approved": true, "invoice_no": "INV-274538"}}, {"model": "MyShop.studentpayment", "pk": 39, "fields": {"student": 5, "fees": 14, "payment_date": "2026-03-03", "paymentType": null, "discount_type": "1", "discount_value": "0.00", "old_due": 0, "new_due": 0, "amount": 3000, "total_paid": 3000, "payment_approved": true, "invoice_no": "INV-030906"}}, {"model": "MyShop.studentpayment", "pk": 40, "fields": {"student": 5, "fees": 15, "payment_date": "2026-03-03", "paymentType": null, "discount_type": "1", "discount_value": "0.00", "old_due": 0, "new_due": 0, "amount": 2000, "total_paid": 2000, "payment_approved": true, "invoice_no": "INV-030906"}}, {"model": "MyShop.studentpayment", "pk": 41, "fields": {"student": 5, "fees": 3, "payment_date": "2026-03-03", "paymentType": null, "discount_type": "2", "discount_value": "10.00", "old_due": 0, "new_due": 125000, "amount": 10000, "total_paid": 10000, "payment_approved": true, "invoice_no": "INV-030906"}}, {"model": "MyShop.studentpayment", "pk": 42, "fields": {"student": 5, "fees": 3, "payment_date": "2026-03-03", "paymentType": null, "discount_type": "1", "discount_value": "0.00", "old_due": 125000, "new_due": 105000, "amount": 20000, "total_paid": 30000, "payment_approved": true, "invoice_no": "INV-142812"}}, {"model": "MyShop.studentpayment", "pk": 43, "fields": {"student": 9, "fees": 14, "payment_date": "2026-03-03", "paymentType": null, "discount_type": "1", "discount_value": "0.00", "old_due": 0, "new_due": 0, "amount": 3000, "total_paid": 3000, "payment_approved": true, "invoice_no": "INV-26030001"}}, {"model": "MyShop.studentpayment", "pk": 44, "fields": {"student": 9, "fees": 13, "payment_date": "2026-03-03", "paymentType": null, "discount_type": "1", "discount_value": "0.00", "old_due": 0, "new_due": 0, "amount": 2500, "total_paid": 2500, "payment_approved": true, "invoice_no": "INV-26030002"}}, {"model": "MyShop.studentpayment", "pk": 45, "fields": {"student": 9, "fees": 15, "payment_date": "2026-03-03", "paymentType": null, "discount_type": "1", "discount_value": "0.00", "old_due": 0, "new_due": 0, "amount": 2000, "total_paid": 2000, "payment_approved": true, "invoice_no": "INV-26030003"}}, {"model": "MyShop.studentpayment", "pk": 46, "fields": {"student": 9, "fees": 13, "payment_date": "2026-03-03", "paymentType": null, "discount_type": "1", "discount_value": "0.00", "old_due": 0, "new_due": 0, "amount": 2500, "total_paid": 5000, "payment_approved": true, "invoice_no": "INV-26030003"}}, {"model": "MyShop.studentpayment", "pk": 47, "fields": {"student": 2, "fees": 14, "payment_date": "2026-03-03", "paymentType": null, "discount_type": "1", "discount_value": "0.00", "old_due": 0, "new_due": 0, "amount": 3000, "total_paid": 3000, "payment_approved": true, "invoice_no": "INV-26030004"}}, {"model": "MyShop.studentpayment", "pk": 48, "fields": {"student": 2, "fees": 11, "payment_date": "2026-03-03", "paymentType": null, "discount_type": "1", "discount_value": "0.00", "old_due": 0, "new_due": 0, "amount": 2200, "total_paid": 2200, "payment_approved": true, "invoice_no": "INV-26030004"}}, {"model": "MyShop.studentpayment", "pk": 49, "fields": {"student": 6, "fees": 14, "payment_date": "2026-03-03", "paymentType": null, "discount_type": "1", "discount_value": "0.00", "old_due": 0, "new_due": 0, "amount": 3000, "total_paid": 3000, "payment_approved": true, "invoice_no": "INV-26030005"}}, {"model": "MyShop.studentpayment", "pk": 50, "fields": {"student": 6, "fees": 13, "payment_date": "2026-03-03", "paymentType": null, "discount_type": "1", "discount_value": "0.00", "old_due": 0, "new_due": 0, "amount": 2500, "total_paid": 2500, "payment_approved": true, "invoice_no": "INV-26030005"}}, {"model": "MyShop.studentpayment", "pk": 51, "fields": {"student": 7, "fees": 14, "payment_date": "2026-03-03", "paymentType": null, "discount_type": "1", "discount_value": "0.00", "old_due": 0, "new_due": 0, "amount": 3000, "total_paid": 3000, "payment_approved": true, "invoice_no": "INV-26030006"}}, {"model": "MyShop.studentpayment", "pk": 52, "fields": {"student": 7, "fees": 8, "payment_date": "2026-03-03", "paymentType": null, "discount_type": "1", "discount_value": "0.00", "old_due": 0, "new_due": 0, "amount": 2000, "total_paid": 2000, "payment_approved": true, "invoice_no": "INV-26030006"}}, {"model": "MyShop.studentpayment", "pk": 53, "fields": {"student": 9, "fees": 15, "payment_date": "2026-03-03", "paymentType": null, "discount_type": "1", "discount_value": "0.00", "old_due": 0, "new_due": 0, "amount": 2000, "total_paid": 4000, "payment_approved": true, "invoice_no": "INV-26030007"}}, {"model": "MyShop.studentpayment", "pk": 54, "fields": {"student": 2, "fees": 14, "payment_date": "2026-03-03", "paymentType": null, "discount_type": "1", "discount_value": "0.00", "old_due": 0, "new_due": 1000, "amount": 2000, "total_paid": 5000, "payment_approved": true, "invoice_no": "INV-26030008"}}, {"model": "MyShop.studentpayment", "pk": 55, "fields": {"student": 2, "fees": 15, "payment_date": "2026-03-03", "paymentType": null, "discount_type": "1", "discount_value": "0.00", "old_due": 1500, "new_due": 0, "amount": 1500, "total_paid": 1500, "payment_approved": true, "invoice_no": "INV-26030008"}}, {"model": "MyShop.studentpayment", "pk": 56, "fields": {"student": 2, "fees": 14, "payment_date": "2026-03-03", "paymentType": null, "discount_type": "1", "discount_value": "0.00", "old_due": 1000, "new_due": 0, "amount": 1000, "total_paid": 6000, "payment_approved": true, "invoice_no": "INV-26030009"}}, {"model": "MyShop.studentpayment", "pk": 57, "fields": {"student": 2, "fees": 13, "payment_date": "2026-03-03", "paymentType": null, "discount_type": "1", "discount_value": "0.00", "old_due": 2300, "new_due": 1000, "amount": 1300, "total_paid": 1300, "payment_approved": true, "invoice_no": "INV-26030009"}}, {"model": "MyShop.studentpayment", "pk": 58, "fields": {"student": 2, "fees": 15, "payment_date": "2026-03-03", "paymentType": null, "discount_type": "1", "discount_value": "0.00", "old_due": 0, "new_due": 0, "amount": 2000, "total_paid": 3500, "payment_approved": true, "invoice_no": "INV-26030010"}}, {"model": "MyShop.studentpayment", "pk": 59, "fields": {"student": 2, "fees": 14, "payment_date": "2026-03-03", "paymentType": null, "discount_type": "1", "discount_value": "0.00", "old_due": 0, "new_due": 0, "amount": 3000, "total_paid": 9000, "payment_approved": true, "invoice_no": "INV-26030010"}}, {"model": "MyShop.studentpayment", "pk": 60, "fields": {"student": 9, "fees": 14, "payment_date": "2026-03-03", "paymentType": null, "discount_type": "2", "discount_value": "10.00", "old_due": 0, "new_due": 0, "amount": 2700, "total_paid": 5700, "payment_approved": true, "invoice_no": "INV-26030011"}}, {"model": "MyShop.studentpayment", "pk": 61, "fields": {"student": 9, "fees": 3, "payment_date": "2026-03-03", "paymentType": null, "discount_type": "1", "discount_value": "0.00", "old_due": 135000, "new_due": 125000, "amount": 10000, "total_paid": 10000, "payment_approved": true, "invoice_no": "INV-26030011"}}, {"model": "MyShop.studentpayment", "pk": 62, "fields": {"student": 9, "fees": 3, "payment_date": "2026-03-03", "paymentType": null, "discount_type": "1", "discount_value": "0.00", "old_due": 125000, "new_due": 115000, "amount": 10000, "total_paid": 20000, "payment_approved": true, "invoice_no": "INV-26030012"}}, {"model": "MyShop.studentpayment", "pk": 63, "fields": {"student": 9, "fees": 15, "payment_date": "2026-03-03", "paymentType": null, "discount_type": "1", "discount_value": "0.00", "old_due": 0, "new_due": 0, "amount": 2000, "total_paid": 6000, "payment_approved": true, "invoice_no": "INV-26030012"}}, {"model": "MyShop.studentpayment", "pk": 64, "fields": {"student": 9, "fees": 14, "payment_date": "2026-03-03", "paymentType": null, "discount_type": "1", "discount_value": "0.00", "old_due": 0, "new_due": 1500, "amount": 1500, "total_paid": 7200, "payment_approved": true, "invoice_no": "INV-26030012"}}, {"model": "MyShop.studentpayment", "pk": 65, "fields": {"student": 12, "fees": 14, "payment_date": "2026-03-04", "paymentType": null, "discount_type": "1", "discount_value": "0.00", "old_due": 0, "new_due": 0, "amount": 3000, "total_paid": 3000, "payment_approved": true, "invoice_no": "INV-26030013"}}, {"model": "MyShop.studentpayment", "pk": 66, "fields": {"student": 12, "fees": 15, "payment_date": "2026-03-04", "paymentType": null, "discount_type": "1", "discount_value": "0.00", "old_due": 0, "new_due": 0, "amount": 2000, "total_paid": 2000, "payment_approved": true, "invoice_no": "INV-26030013"}}, {"model": "MyShop.studentpayment", "pk": 67, "fields": {"student": 9, "fees": 14, "payment_date": "2026-03-04", "paymentType": null, "discount_type": "1", "discount_value": "0.00", "old_due": 1500, "new_due": 0, "amount": 1500, "total_paid": 8700, "payment_approved": true, "invoice_no": "INV-26030014"}}, {"model": "MyShop.studentpayment", "pk": 68, "fields": {"student": 9, "fees": 13, "payment_date": "2026-03-04", "paymentType": null, "discount_type": "1", "discount_value": "0.00", "old_due": 0, "new_due": 0, "amount": 2500, "total_paid": 7500, "payment_approved": true, "invoice_no": "INV-26030015"}}, {"model": "MyShop.studentpayment", "pk": 69, "fields": {"student": 6, "fees": 14, "payment_date": "2026-03-04", "paymentType": null, "discount_type": "1", "discount_value": "0.00", "old_due": 0, "new_due": 0, "amount": 3000, "total_paid": 6000, "payment_approved": true, "invoice_no": "INV-26030016"}}, {"model": "MyShop.studentpayment", "pk": 70, "fields": {"student": 6, "fees": 14, "payment_date": "2026-03-04", "paymentType": null, "discount_type": "1", "discount_value": "0.00", "old_due": 0, "new_due": 1500, "amount": 1500, "total_paid": 7500, "payment_approved": true, "invoice_no": "INV-26030017"}}, {"model": "MyShop.studentpayment", "pk": 71, "fields": {"student": 6, "fees": 15, "payment_date": "2026-03-04", "paymentType": null, "discount_type": "1", "discount_value": "0.00", "old_due": 0, "new_due": 0, "amount": 2000, "total_paid": 2000, "payment_approved": true, "invoice_no": "INV-26030017"}}, {"model": "MyShop.studentpayment", "pk": 72, "fields": {"student": 2, "fees": 14, "payment_date": "2026-03-04", "paymentType": null, "discount_type": "1", "discount_value": "500.00", "old_due": 0, "new_due": 0, "amount": 2500, "total_paid": 11500, "payment_approved": true, "invoice_no": "INV-26030018"}}, {"model": "MyShop.studentpayment", "pk": 73, "fields": {"student": 2, "fees": 15, "payment_date": "2026-03-04", "paymentType": null, "discount_type": "1", "discount_value": "0.00", "old_due": 0, "new_due": 500, "amount": 1500, "total_paid": 5000, "payment_approved": true, "invoice_no": "INV-26030018"}}, {"model": "MyShop.studentpayment", "pk": 74, "fields": {"student": 4, "fees": 14, "payment_date": "2026-03-04", "paymentType": null, "discount_type": "1", "discount_value": "0.00", "old_due": 0, "new_due": 0, "amount": 3000, "total_paid": 3000, "payment_approved": true, "invoice_no": "INV-26030019"}}, {"model": "MyShop.studentpayment", "pk": 75, "fields": {"student": 4, "fees": 13, "payment_date": "2026-03-04", "paymentType": null, "discount_type": "1", "discount_value": "0.00", "old_due": 0, "new_due": 1000, "amount": 1500, "total_paid": 1500, "payment_approved": true, "invoice_no": "INV-26030019"}}, {"model": "MyShop.studentpayment", "pk": 76, "fields": {"student": 4, "fees": 3, "payment_date": "2026-03-04", "paymentType": null, "discount_type": "1", "discount_value": "0.00", "old_due": 0, "new_due": 140000, "amount": 10000, "total_paid": 10000, "payment_approved": true, "invoice_no": "INV-26030019"}}, {"model": "MyShop.studentpayment", "pk": 77, "fields": {"student": 4, "fees": 14, "payment_date": "2026-03-04", "paymentType": null, "discount_type": "1", "discount_value": "0.00", "old_due": 0, "new_due": 1000, "amount": 2000, "total_paid": 5000, "payment_approved": true, "invoice_no": "INV-26030020"}}, {"model": "MyShop.studentpayment", "pk": 78, "fields": {"student": 4, "fees": 13, "payment_date": "2026-03-04", "paymentType": null, "discount_type": "1", "discount_value": "0.00", "old_due": 1000, "new_due": 0, "amount": 1000, "total_paid": 2500, "payment_approved": true, "invoice_no": "INV-26030020"}}, {"model": "MyShop.studentpayment", "pk": 79, "fields": {"student": 4, "fees": 15, "payment_date": "2026-03-04", "paymentType": null, "discount_type": "1", "discount_value": "0.00", "old_due": 0, "new_due": 0, "amount": 2000, "total_paid": 2000, "payment_approved": true, "invoice_no": "INV-26030020"}}, {"model": "MyShop.studentpayment", "pk": 80, "fields": {"student": 4, "fees": 3, "payment_date": "2026-03-04", "paymentType": null, "discount_type": "1", "discount_value": "0.00", "old_due": 140000, "new_due": 130000, "amount": 10000, "total_paid": 20000, "payment_approved": true, "invoice_no": "INV-26030020"}}]
